scientific_name,common_name
Achillea millefolium,Yarrow
Achillea ptarmica,Sneezewort
Acis autumnalis,Autumn Snowflake
Acis trichophyllum,Three-leaved snowflake
Adoxa moschatellina,Townhall Clock
Aegopodium podagraria,Ground Elder
Aethionema saxatile,Burnt Candytuft
Ajuga genevensis,Blue Bugle
Ajuga pyramidalis,Pyramidal Bugle
Ajuga reptans,Bugle
Alchemilla vulgaris,Lady's Mantle
Alliaria petiolata,Jack-by-the-Hedge
Allium ampeloprasum,Wild Leek
Allium subvillosum,Allium subvillosum
Allium triquetrum,Three-cornered Leek
Allium ursinum,Ramsons
Althaea officinalis,Marsh Mallow
Anacamptis collina,Fan-lipped Orchid
Anacamptis coriophora,Bug Orchid
Anacamptis coriopohora subsp. fragrans,Bug Orchid
Anacamptis laxiflora,Lax-flowered Orchid
Anacamptis morio,Green-winged Orchid
Anacamptis morio subsp. champagneuxii,Champagne Orchid
Anacamptis morio subsp. longicornu,Long-spurred Orchid
Anacamptis papilionaceae,Pink Butterfly Orchid
Anacamptis pyramidalis,Pyramidal Orchid
Anacamptis pyramidalis var. albiflora,Pyramidal Orchid - white variety
Anacamptis sancta,Holy Orchid
Anagallis arvensis,Scarlet Pimpernel
Anagallis monelli,Shrubby Pimpernel
Anagallis tenella,Bog Pimpernel
Anchusa azurea,Large Blue Alkanet
Andromeda porifolia,Bog Rosemary
Andryala integrifolia,Andryala
Anemone coronaria,Crown Anemone
Anemone heldreichii,Anemone heldreichii
Anemone nemorosa,Wood Anemone
Anemone palmata,Yellow Anemone
Anemone pulsatilla,Pasqueflower
Angelica sylvestris,Wild Angelica
Antennaria dioica,Mountain Everlasting
Anthemis rigida,Rayless Chamomile
Anthriscus sylvestris,Cow Parsley
Anthyllis vulneraria,Kidney Vetch
Anticlea elegans,Elegant Death Camas
Antirrhinum majus,Snapdragon
Aphyllanthes monspeliensis,Blue Grass Lily
Aquilegia caerulea,Colorado Blue Columbine
Aquilegia elegantula,Western Red Columbine
Aquilegia flavescens,Yellow Columbine
Aquilegia vulgaris,Aquilegia
Arbutus unedo,Strawberry Tree
Arctium minus,Lesser Burdock
Argemone polyanthemos,Prickly Poppy
Arisarum simorrhinum,Friar's Cowl
Aristolochia baetica,Dutchman's Pipe
Aristolochia cretica,Cretan Birthwort
Aristolochia paucinervis,Aristolochia longa
Armeria maritima,Thrift (Sea Pinks)
Armeria pungens,Sea Rose
Arum creticum,Cretan Arum
Arum ideum,Mountain arum
Arum italicum,Large Cuckoo Pint
Arum maculatum,Lords and Ladies
Asclepias speciosa,Showy Milkweed
Asphodeline lutea,Yellow Asphodel
Asphodelus aestivus,Common Asphodel
Asphodelus albus,White-flowered Asphodel
Asphodelus fistulosus,Hollow-stemmed Asphodel
Astericus maritimus,Yellow Sea daisy
Astragalus lusitanicus,Astragalus lusitanicus
Astragalus tragacantha subsp. vicentinus,Astragalus tragacantha
Astrantia major,Great Masterwort
Atropa belladonna,Deadly Nightshade
Aubretia deltoidea,Aubrieta
Baldellia ranunculoides,Lesser Water-plantain
Balsamorhiza sagitata,Arrowleaf Balsamroot
Bellardia trixago,Bellardia
Bellardia trixago,Bellardia
Bellis perennis,Daisy
Bituminaria bituminosa,Pitch Trefoil
Borago officinalis,Borage
Bougainvillea glabra,Bougainvillea
Brassica oleracea,Wild Cabbage
Butomus umbellatus,Flowering Rush
Cakile maritima,Sea Rocket
Callitriche stagnalis,Water Starwort
Calluna vulgaris,Heather - Ling
Caltha palustris,Marsh-marigold
Calypso bulbosa,Fairy Slipper
Calystegia sepium,Hedge Bindweed
Calystegia silvatica,Large Bindweed
Calystegia soldanella,Sea Bindweed
Camassia quamash,Common Blue Camas
Campanula glomerata,Clustered Bellflower
Campanula rapunculus,Rampion Bellflower
Campanula rotundifolia,Harebell
Campanula thyrsoides,Yellow Bellflower
Campanula trachelium,Nettle-leaved Bellflower
Capsella bursa-pastoris,Shepherd's Purse
Cardamine bulbifera,Coralroot
Cardamine pratensis,Cuckoo Flower
Carlina vulgaris,Carline Thistle
Carpobrutus edulis,Hottentot Fig - mauve
Carpobrutus edulis,Hottentot Fig - yellow
Centaurea cyanus,Cornflower
Centaurea nigra,Common Knapweed
Centaurea pullata,Centaurea pullata
Centaurea scabiosa,Greater Knapweed
Centaurium erythraea,Common Centaury
Centranthus ruber,Red Valerian
Cephalanthera damasonium,White Helleborine
Cephalanthera longifolia,Sword-leaved Helleborine
Cephalanthera rubra,Red Helleborine
Cerinthe major,Honeywort - cream
Cerinthe major,Honeywort - purple
Chamorchis alpina,Chamorchis alpina
Chelidonium majus,Greater Celandine
Chenopodium vulvaria,Stinking Goosefoot
Chrysosplenium oppositifolium,Golden Saxifrage
Cichorium intybus,Chicory
Circaea lutetiana,Enchanter's Nightshade
Cirsium arvense,Creeping Thistle
Cirsium dissectum,Meadow Thistle
Cirsium palustre,Marsh Thistle
Cistanche phelypaea,Cistanche
Cistus albidus,Grey-leaved Cistus
Cistus ladanifer,Gum Cistus
Cistus monspeliensis,Narrow-leaved Cistus
Cistus salviifolius,Sage-leaved Cistus
Claytonia perfoliata,Spring Beauty
Claytonia sibirica,Pink Purslane
Clematis alpina,Alpine Clematis
Clematis vitalba,Old Man's Beard
Cochlearia officinalis,Common Scurvy-grass
Colchicum autumnale,Autumn Crocus
Comarum palustre,Marsh Cinquefoil
Conium maculatum,Hemlock
Conopodium majus,Pignut
Consolida ambigua,Annual Larkspur
Convolvulus arvensis,Field Bindweed
Convolvulus tricolor,Dwarf Convolvulus
Corallorhiza  maculata f. immaculata,"Western Coralroot (yellow, spotless)"
Corallorhiza maculata f. intermedia,Western Coralroot (brown-stemmed)
Corallorhiza mertensiana,Western Coralroot Orchid
Corallorhiza trifida,Coralroot Orchid
Cotula coronopifolia,Buttonweed
Cota tinctoria,Yellow Chamomile
Crambe maritima,Sea-kale
Crepis rubra,Pink Hawksbeard
Crithmum maritimum,Rock Samphire
Cruciata laevipes,Crosswort
Cuscuta epithymum,Common Dodder
Cyclamen creticum,Cretan Sowbread
Cymbalaria muralis,Ivy-leaved Toadflax
Cynoglossum creticum,Blue Hound's Tongue
Cynomorium coccineum,Maltese Fungus
Cypripedium acaule,Pink Lady's Slipper Orchid
Cypripedium calceolus,Lady's Slipper Orchid
Cytinus hypocistis,Cytinus hypocistus
Cytinus ruber,Cytinus ruber
Dactylorhiza cordigera,Heart-flowered Marsh-orchid
Dactylorhiza ebudensis,Hebridean Marsh-orchid
Dactylorhiza elata,Robust Marsh-orchid
Dactylorhiza elata var. brennensis,Robust Marsh-orchid var. brennensis
Dactylorhiza fuchsii,Common Spotted-orchid
Dactylorhiza fuchsii subsp. okellyi,O'Kelly's Spotted-orchid
Dactylorhiza fuchsii var. rhodochila,Common Spotted-orchid
Dactylorhiza incarnata subsp.  incarnata,Early Marsh-orchid
Dactylorhiza incarnata subsp. coccinea,Early Marsh-orchid
Dactylorhiza incarnata subsp. cruenta,Leopard Orchid
Dactylorhiza incarnata subsp. orchroleuca,Early Marsh-orchid
Dactylorhiza incarnata subsp. pulchella,Early Marsh-orchid
Dactylorhiza maculata,Heath Spotted-orchid
Dactylorhiza maculata subsp. ericetorum,Dactylorhiza maculata subsp. ericetorum
Dactylorhiza majalis,Broad-leaved Marsh-orchid
Dactylorhiza majalis var. kerryensis,Irish Marsh-orchid
Dactylorhiza praetermissa,Southern Marsh-orchid
Dactylorhiza purpurella,Northern Marsh-orchid
Dactylorhiza purpurella var. cambrensis,Northern Marsh-orchid var. cambrensis
Dactylorhiza romana,Roman Orchid
Dactylorhiza saccifera,Dactylorhiza saccifera
Dactylorhiza sambucina,Elder-flowered Orchid
Dactylorhiza traunsteinerioides,Narrow-leaved Marsh-orchid
Dactylorhiza viridis,Frog Orchid
Dactylorhiza xgrandis,Dactylorhiza xgrandis
Datura stramonium,Thorn-apple
Daucus carota,Wild Carrot
Dianthus deltoides,Maiden Pink
Dianthus superbus,Fringed Pink
Digitalis grandiflora,Large Yellow Foxglove
Digitalis lanata,Digitalis lanata
Digitalis purpurea,Foxglove
Dipcadi serotinum,Dipcadi
Dipsacus fullonum,Teasel
Dodecatheon pulchellum,Few-flowered Shooting Star
Doronicum columnae,Leopard's Bane
Dracunculus vulgaris,Common Dragon Arum
Drosera anglica,Great Sundew
Drosera intermedia,Oblong-leaved Sundew
Drosera rotundifolia,Round-leaved Sundew
Drosophyllum lusitanicum,Portuguese Sundew
Dryas octopetala,Mountain Avens
Ecballium elaterium,Squirting Cucumber
Echium angustifolium,Narrow-leaved Bugloss
Echium italicum,Pale Bugloss
Echium vulgare,Viper's Bugloss
Elodea canadensis,Canadian Pondweed
Epilobium angustifolium,Rosebay Willowherb
Epilobium hirsutum,Great Willowherb
Epilobium palustre,Marsh Willowherb
Epipactis atrorubens,Dark-red Helleborine
Epipactis dunensis,Dune Helleborine
Epipactis dunensis subsp. tynenensis,Tyne Helleborine
Epipactis helleborine,Broad-leaved Helleborine
Epipactis helleborine var. albifolia,Broad-leaved Helleborine
Epipactis helleborine var. purpurea,Broad-leaved Helleborine
Epipactis helleborine var. viridiflora,Broad-leaved Helleborine
Epipactis leptochila,Narrow-lipped Helleborine
Epipactis lusitanica,Epipactis lusitanica
Epipactis microphylla,Epipactis microphylla
Epipactis neerlandica,Epipactis neerlandica
Epipactis palustris,Marsh Helleborine
Epipactis phyllanthes,Green-flowered Helleborine
Epipactis phyllanthes var. cambrensis,Green-flowered Helleborine
Epipactis phyllanthes var. vectensis,Green-flowered Helleborine
Epipactis purpurata,Violet Helleborine
Epipactis purpurata var. rosea,Violet Helleborine
Epipactis sancta,Lindisfarne Helleborine
Epipactis tremolsii,Epipactis tremolsii
Epipogium aphyllum,Ghost Orchid
Eranthis hyemalis,Winter Aconite
Erica arborea,Tree Heath
Erica ciliaris,Dorset Heath
Erica cinerea,Bell Heather
Erica lusitanica,Portuguese Heath
Erica multiflora,Erica multiflora
Erica tetralix,Cross-leaved Heath
Eriophorum angustifolium,Common Cotton Grass
Eriophorum vaginatum,Cotton-grass (Bog Cotton)
Erodium lebelii,Sticky Stork's-bill
Eryngium maritimum,Sea Holly
Erysimum cheiri,Wallflower
Eupatorium cannabinum,Hemp Agrimony
Euphorbia acanthothamnos,Greek Spiny Spurge
Euphorbia characias,Large Mediterranean Spurge
Euphorbia portlandica,Portland Spurge
Euphrasia officinalis,Eyebright
Fagopyrum esculentum,Buckwheat
Fallopia japonica,Japanese Knotweed
Fedia cornucopiae,Fedia
Ferraria crispa,Black Flag
Filipendula ulmaria,Meadowsweet
Filipendula vulgaris,Dropwort
Foeniculum vulgare,Fennel
Fragaria vesca,Wild Strawberry
Frasera speciosa,Green Gentian
Fritillaria lusitanica,Fritillaria lusitanica
Fritillaria meleagris,Snake's-head Fritillary
Fritillaria pyrenaica,Pyrennean Fritillary
Fumaria capreolata,White Ramping-fumitory
Gagea bohemica,Radnor Lily
Gagea peduncularis,Yellow Star of Bethlehem
Gagea serotina,Snowdon Lily
Gaillardia aristata,Blanket Flower
Galanthus nivalis,Snowdrop
Galeopsis tetrahit,Common Hempnettle
Galium aparine,Cleavers
Galium mollugo,Hedge Bedstraw
Galium odoratum,Woodruff
Galium palustre,Marsh Bedstraw
Galium saxatile,Heath Bedstraw
Galium verum,Lady's Bedstraw
Gennaria diphylla,Gennaria diphylla
Gentiana parryi,Mountain Gentian
Gentiana verna,Spring Gentian
Gentianopsis thermalis,Rocky Mountain Fringed Gentian
Geranium dissectum,Cut-leaved Cranesbill
Geranium lucidum,Shining Cranesbill
Geranium phaeum,Dusky Crane's-bill
Geranium pratense,Meadow Cranesbill
Geranium purpureum,Little Robin
Geranium robertianum,Herb Robert
Geranium sanguineum,Bloody Crane's-bill
Geranium sylvaticum,Wood Crane's-bill
Geum rivale,Water Avens
Geum urbanum,Wood Avens
Gladiolus italicus,Field Gladiolus
Glaucium corniculatum,Red Horned-poppy
Glaucium flavum,Yellow Horned-poppy
Glebionys coronaria,Crown Daisy
Glechoma hederacea,Ground-ivy
Goodyera repens,Creeping Lady's-tresses
Gymnadenia borealis,Heath Fragrant Orchid
Gymnadenia conopsea,Chalk Fragrant Orchid
Gymnadenia densiflora,Marsh Fragrant Orchid
Gymnadenia frivaldii,Gymnadenia frivaldii
Gymnadenia nigra subsp. rhellicani,Black Vanilla Orchid
Gymnadenia odoratissima,Gymnadenia odoratissima
Gymnadenia rubra,Red Vanilla Orchid
Gynandriris sisyrinchium,Barbary Nut
Hammarbya paludosa,Bog Orchid
Haquetia epipactis,Haquetia
Helianthemum apenninum,White Rock-rose
Helianthemum nummularium,Common Rock-rose
Helianthemum oelandicum,Hoary Rock-rose
Helichrysum stoechas,Helichrysum stoechas
Helleborus foetidus,Stinking Hellebore
Helleborus viridis,Green Hellebore
Heracleum mantegazzianum,Giant Hogweed
Heracleum sphondylium,Hogweed
Herminium monorchis,Musk Orchid
Hieracium portlandicum,Portland Hawkweed
Himantoglossum comperianum,Komper's Orchid
Himantoglossum hircinum,Lizard Orchid
Himantoglossum robertianum,Giant Orchid
Hyacinthoides hispanica,Spanish Bluebell
Hyacinthoides non-scripta,Bluebell
Hyoscyamus niger,Henbane
Hypericum elodes,Marsh St John's Wort
Hypericum humifusum,Trailing St John's Wort
Hypericum olympicum,Hypericum olympicum
Hypericum pulchrum,Slender St John's-wort
Hypericum punctatum,Perforate St John's Wort
Hypochaeris radicata,Common Catsear
Impatiens capensis,Orange Balsam
Impatiens grandulifera,Himalayan Balsam
Inula helenium,Elecampane
Iris albicans,Iris albicans
Iris foetidissima,Iris foetidissima
Iris lutescens,Iris lutescens
Iris pseudacorus,Yellow Flag Iris
Iris pseudopumila,Iris pseudopumila
Iris reichenbachii,Iris reichenbachii
Iris xiphium,Spanish Iris
Jasione montana,Sheepsbit Scabious
Knautia arvensis,Field Scabious
Lactuca perennis,Blue Lettuce
Lactuca tatarica,Russian Lettuce
Lamium album,White Deadnettle
Lamium galeobdolon,Yellow Archangel
Lamium purpureum,Red Deadnettle
Lapsana communis,Nipplewort
Lathraea clandestina,Purple Toothwort
Lathyrus japonicus,Sea Pea
Lathyrus latifolius,Broad-leaved Everlasting Pea
Lathyrus pratensis,Meadow Vetchling
Lavandula stoechas,French Lavender
Lemna minor,Common Duckweed
Lepidium heterophyllum,Smith's Pepperwort
Leucanthemum vulgare,Marguerites
Lilium carniolicum,Carnic Lily
Lilium martagon,Martagon Lily
Lilium philadelphicum,Wood Lily
Limodorum abortivum,Violet Limodore
Limonium recurvum subsp. portlandicum,Portland Sea Spurge
Limonium sinuatum,Winged Sea-lavender
Limonium vulgare,Sea-lavender
Linaria algarviana,Algarve Toadflax
Linaria amethystea,Spanish Toadflax
Linaria reflexa,Reflexed-fruit Toadflax
Linaria repens,Pale Toadflax
Linaria vulgaris,Common Toadflax
Linum narbonense,Beautiful Flax
Liparis loeselii,Fen Orchid
Lithodora fruticosa,Shrubby Gromwell
Lithophragma parviflorum,Woodlandstar
Lithospermum officinale,Common Gromwell
Lobelia dortmanna,Water Lobelia
Lobelia urens,Heath Lobelia
Lonicera periclymenum,Honeysuckle
Lotus corniculatus,Birdsfoot Trefoil
Lotus pedunculatus,Greater Birdsfoot Trefoil
Lunaria annua,Honesty
Lupinus angustifolius,Narrow-leaved Lupin
Lupinus arboreus,Bush Lupin
Lupinus luteus,Yellow Lupin
Lupinus micranthus,Bitter Blue Lupin
Lysimachia nemorum,Yellow Pimpernel
Lysimachia nummularia,Creeping Jenny
Lysimachia vulgaris,Yellow Loosestrife
Lythrum salicaria,Purple Loosestrife
Malcolmia flexuosa,Malcolmia flexuosa
Malcolmia littorea,Silver Sea-stock
Malva arborea,Tree Mallow
Malva moschata,Musk Mallow
Malva multiflora,Dwarf Tree Mallow
Malva sylvestris,Common Mallow
Mandragora autumnalis,Mandrake
Matricaria discoidea,Pineaple Mayweed
Matthiola sinuata,Sea Stock
Matthiola tricuspidata,Three-horned Stock
Meconopsis cambrica,Welsh Poppy
Medicago lupulina,Black Medick
Medicago marina,Sea Medick
Melampyrum arvense,Field Cow-wheat
Melampyrum cristatum,Crested Cow-wheat
Melampyrum nemerosum,Wood Cow-wheat
Melampyrum pratense,Common Cow-wheat
Melampyrum scardicum,Hungarian Cow-wheat
Melittis melissophyllum,Bastard Balm
Mentha aquatica,Water Mint
Mentha spicata,Spear Mint
Menyanthes trifoliata,Bogbean
Mercurialis perennis,Dog's Mercury
Mimulus guttatus,Monkey Flower
Minuartia obtusiloba,Alpine Sandwort
Misopates calycinum,Misopates calycinum
Misopates orontium,Lesser Snapdragon
Muscari comosum,Tassle Hyacinth
Muscari neglectum,Grape Hyacinth
Myosotis arvensis,Field Forget-me-not
Myosotis ramosissima,Early Forget-me-not
Myosotis scorpioides,Water Forget-me-not
Myrica gale,Bog Myrtle
Myriophyllum spicatum,Spiked Water Milfoil
Myrrhis Odorata,Sweet Cicely
Narcissus bulbocodium,Yellow Hoop Petticoat Daffodil
Narcissus calcicola,Narcissus calcicola
Narcissus elegans,Narcissus elegans
Narcissus papyraceus,Paperwhite Narcissus
Narcissus poeticus,Poet's Narcissus
Narcissus pseudonarcissus,Daffodil
Narcissus serotinus,Narcissus serotinus
Narthecium ossifragum,Bog Asphodel
Nasturtium officinale,Water-cress
Neotinea conica,Conical Orchid
Neotinea lactea,Milky Orchid
Neotinea maculata,Dense-flowered Orchid
Neotinea tridentata,Toothed Orchid
Neotinea tridentata subsp. conica,Conical Orchid
Neotinea ustulata,Burnt-tip Orchid
Neottia cordata,Lesser Twayblade
Neottia cordata var. nephrophylla,Western Heart-leaved Twayblade
Neottia nidus-avis,Bird's-nest Orchid
Neottia ovata,Common Twayblade
Nepeta cataria,Common Catmint
Nepeta tuberosa,Catmint (Nepeta tuberosa)
Nerium oleander,Oleander
Nuphar lutea,Yellow Water-lily
Nymphaea alba,White Water-lily
Nymphoides peltata,Fringed Water-lily
Odontites vernus,Red Bartsia
Oenanthe crocata,Hemlock Water Dropwort
Oenanthe fistulosa,Tubular Water Dropwort
Oenanthe lachenalii,Parsley Water-dropwort
Oenothera biennis,Evening Primrose
Ononis pusilla,Ononis pusilla
Ononis repens,Rest-harrow
Onopordum illyricum,Illyrian Scotch Thistle
Onosma erectum,Golden drop
Onosma graecum,Golden drop
Onosma lucana,Pale Golden Drop
Onosma taurica,Golden Drop
Ophrys apifera,Bee Orchid
Ophrys apifera x Ophrys insectifera,Bee Orchid x Fly Orchid
Ophrys apulica,Ophrys apulica
Ophrys bertolonii,Bertoloni's Bee Orchid
Ophrys bertoloniiformis,Ophrys bertoloniiformis
Ophrys biscutella,Spectacled Ophrys
Ophrys bombyliflora,Bumblebee Orchid
Ophrys candica,White Ophrys
Ophrys cretica,Cretan Ophrys
Ophrys dyris,Ophrys dyris
Ophrys episcopalis,Bishop's Ophrys
Ophrys fuciflora,Late spider-orchid
Ophrys fusca,Sombre Bee Orchid
Ophrys galilaea,Small-flowered Yellow Bee Ophrys
Ophrys insectifera,Fly Orchid
Ophrys insectifera subsp. aymoninii,Aymonin's Fly Orchid
Ophrys iricolor,Rainbow Ophrys
Ophrys kotschyi,Cyprus Bee Orchid
Ophrys lutea,Yellow Ophrys
Ophrys melena,Ophrys melena
Ophrys parvimaculata,Ophrys parvimaculata
Ophrys phryganae,Phrygana Ophrys
Ophrys promontorii,Ophrys promontorii
Ophrys regis-ferdinandii,Ophrys regis-ferdinandii
Ophrys scolopax,Woodcock Orchid
Ophrys scolopax subsp. apiformis,Woodcock Orchid
Ophrys sicula,Ophrys sicula
Ophrys speculum,Mirror Orchid
Ophrys speculum subsp. lusitanica,Lusitanica Orchid
Ophrys sphegodes,Early Spider Orchid
Ophrys sphegodes subsp. araneola,Ophrys araneola
Ophrys sphegodes subsp. aveyronensis,Ophrys aveyronensis
Ophrys sphegodes subsp. cretensis,Ophrys cretensis
Ophrys sphegodes subsp. gortynia,Ophrys gortynia
Ophrys sphegodes subsp. mammosa,Ophrys mammosa
Ophrys sphegodes subsp. passionis,Dark Ophrys
Ophrys sphegodes subsp. spruneri,Grecian Spider Orchid
Ophrys tenthredinifera,Sawfly Orchid
Ophrys trollii,Wasp Orchid
Ophrys x flavicans,Ophrys x flavicans
Opuntia ficus-indica,Prickly Pear
Orchis anatolica,Anatolian Orchid
Orchis anthropophora,Man Orchid
Orchis intacta,Dense-flowered Orchid
Orchis italica,Naked Man Orchid
Orchis lactea,Milky Orchid
Orchis mascula,Early-purple Orchid
Orchis mascula subsp. speciosa,Bohemian Early Purple-orchid
Orchis militaris,Military Orchid
Orchis olbiensis,Southern European Early Purple Orchid
Orchis papilionacea,Pink Butterfly Orchid
Orchis pauciflora,Sparse-flowered Orchid
Orchis provinicialis,Provence Orchid
Orchis purpurea,Lady Orchid
Orchis quadripunctata,Four-spotted Orchid
Orchis simia,Monkey Orchid
Orchis sitiaca,Orchis sitiaca
Ornithogalum narbonense,Ornithogalum narbonense
Ornithogalum umbellatum,Star-of-Bethlehem
Orobanche amethystea,Amethyst Broomrape
Orobanche crenata,Carnation-scented Broomrape
Orobanche elatior,Knapweed Broomrape
Orobanche foetida,Orobanche foetida
Orobanche minor,Common Broomrape
Orobanche ramosa,Hemp Broomrape
Oxalis acetosella,Wood-sorrel
Oxalis articulata,Pink Oxalis
Oxalis Pes-capre,Bermuda Buttercup
Paeonia broteroi,Paeonia broteroi
Paeonia clusii,Clusius's Peony
Paeonia mascula,Wild Peony
Pancratium maritimum,Sea Daffodil
Papaver hybridum,Rough Poppy
Papaver rhoeas,Field Poppy
Parentucellia viscosa,Yellow Bartsia
Paris quadrifolia,Herb Paris
Parnassia palustris,Grass of Parnassus
Paronychia argentea,Paronychia
Pastinaca sativa,Wild Parsnip
Pedicularis groenlandica,Elephant Head
Pedicularis palustris,Marsh Lousewort
Pedicularis parryi,Parry's Lousewort
Pedicularis sylvatica,Lousewort
Pedicularis verticillata,Verticillate Lousewort
Penstemon whippleanus,Whipple's Penstemon
Pentaglottis sempervivens,Green Alkanet
Persicaria amphibia,Amphibious Bistort
Persicaria hydropiper,Water Pepper
Persicaria maculosa,Redshank
Petasites fragrans,Winter Heliotrope
Petasites hybridus,Butterbur
Petromarula pinnata,Rock Lettuce
Phacelia sericea,Purple Fringe
Phlomis cretica,Cretan Phlomis
Phlomis fruticosa,Jerusalem Sage
Phlomis lanata,Dwarf Jerusalem Sage
Phlomis purpurea,Purple Phlomis
Phlomis tuberosa,Tuberous Phlomis
Pilosella aurantiaca,Fox and Cubs
Pilosella officinarum,Mouse-ear Hawkweed
Pinguicula alpina,Alpine Butterwort
Pinguicula vulgaris,Butterwort
Platanthera bifolia,Lesser Butterfly-orchid
Platanthera chlorantha,Greater Butterfly-orchid
Platanthera dilatata,White Bog Orchid
Platanthera dilatata var. leucostachys,Sierra Rein-orchid
Platanthera huronensis,Green Bog Orchid
Platanthera hyperborea,Northern Green Rein-orchid
Platanthera obtusata,Blunt-leaved Orchid
Polygala major,Polygala major
Polygala vulgaris,Milkwort
Polygonatum multiflorum,Common Solomon's-seal
Polygonatum odoratum,Angular Solomon's-seal
Potamogeton natans,Broad-leaved Pondweed
Potentilla anglica,Trailing Tormentil
Potentilla anserina,Silverweed
Potentilla erecta,Tormentil
Potentilla reptans,Creeping Cinquefoil
Potentilla sterilis,Barren Strawberry
Primula elatior,Oxlip
Primula farinosa,Bird's-eye Primrose
Primula veris,Cowslip
Primula vulgaris,Primrose
Prunella laciniata,Cut-leaved Self-heal
Prunella vulgaris,Self-heal
Prunus dulcis,Almond
Pseudofumaria lutea,Yellow Corydalis
Pseudorchis albida,Small White Orchid
Pulicaria dysenterica,Common Fleabane
Pyrola rotundifolia,Round-leaved Wintergreen
Ranunculus acris,Buttercup
Ranunculus asiaticus,Turban Buttercup
Ranunculus ficaria,Lesser Celandine
Ranunculus flammula,Lesser Spearwort
Ranunculus fluitans,Water Crowfoot
Ranunculus hederaceus,Ivy-leaved Crowfoot
Ranunculus lingua,Greater Spearwort
Ranunculus omiophyllus,Round-leaved Crowfoot
Ranunculus repens,Creeping Buttercup
Ratibida columnifera,Coneflower
Reseda alba,White Mignonette
Reseda lutea,Wild Mignonette
Reseda luteola,Weld
Rhinathus minor,Yellow Rattle
Rhodiola rhodantha,Queen's Crown
Rhodiola rosea,King's Crown
Rhododendron ponticum,Rhododendron
Romulea bulbocodium,Romulea bulbocodium
Rosa canina,Dog Rose
Rosa pimpinellifolia,Burnet Rose
Rumex acetosa,Common Sorrel
Ruta chalepensis,Fringed Rue
Salvia verbenaca,Wild Clary
Sanguisorba minor,Salad Burnet
Sanguisorba officinalis,Great Burnet
Sarcocornia perennis,Perennial Glasswort
Saxifraga stellaris,Starry Saxifrage
Saxifraga tridactylites,Rue-leaved Saxifrage
Scandix pecten-veneris,Shepherd's Needles
Scilla autumnalis,Autumn Squill
Scilla bifolia,Alpine Squill
Scilla monophyllos,One-leaved Scilla
Scilla peruviana,Scilla peruviana
Scilla verna,Spring Squill
Scolymus hispanicus,Spanish Oyster Plant
Scorzonera cretica,Cretan viper's-grass
Scrophularia auriculata,Water Figwort
Scrophularia nodosa,Common Figwort
Sedum acre,Biting Stonecrop
Sedum anglicum,English Stonecrop
Senecio aquaticus,Marsh Ragwort
Senecio jacobaea,Common Ragwort
Senecio squalidus,Oxford Ragwort
Senecio vulgaris,Groundsel
Serapias apulica,Serapias apulica
Serapias cordigera,Heart-flowered Serapias
Serapias lingua,Tongue Orchid
Serapias neglecta,Serapias neglecta
Serapias orientalis,Eastern Tongue Orchid
Serapias parviflora,Small-flowered Serapias
Serapias strictiflora,Serapias strictiflora
Serapias vomeracea,Long-lipped Tongue Orchid
Serratula tinctoria,Saw-wort
Silene acaulis,Moss Campion
Silene colorata,Pink Catchfly
Silene dioica,Red Campion
Silene flos-cuculi,Ragged Robin
Silene gallica,Small-flowered Catchfly
Silene latifolia,White Campion
Silene nutans,Nottingham Catchfly
Silene rothmaleri,Silene rothmaleri
Silene uniflora,Sea Campion
Silene vulgaris,Bladder Campion
Smyrnium olusatrum,Alexanders
Solanum dulcamara,Bittersweet
Solanum linnaeanum,Apple of Sodom
Solidago virgaurea,Goldenrod
Sonchus arvensis,Perennial Sow-thistle
Sonchus asper,Prickly Sow-thistle
Sonchus oleraceus,Smooth Sow-thistle
Sparganium emersum,Unbranched Bur-reed
Sparganium erectum,Branched Bur-reed
Spergularia media,Sea Spurrey
Spiranthes aestivalis,Summer Lady's Tresses
Spiranthes romanzoffiana,Irish Lady's Tresses
Spiranthes spiralis,Autumn Lady's Tresses
Stachys arvensis,Field Woundwort
Stachys officinalis,Betony
Stachys palustris,Marsh Woundwort
Stachys sylvatica,Hedge Woundwort
Stellaria graminea,Lesser Stitchwort
Stellaria holostea,Greater Stitchwort
Succisa pratensis,Devilsbit Scabious
Symphytum officinale,Common Comfrey
Tanacetum parthenium,Feverfew
Tanacetum vulgare,Tansy
Taraxacum officinale,Dandelion
Teucrium scorodonia,Wood Sage
Thalictrum aquilegifolium,Great Meadow Rue
Thymus polytrichus,Wild Thyme
Tolpis barbata,European Umbrella Milkwort
Tragopogon hybridus,Pasture Goatsbeard
Tragopogon porrifolius,Salsify
Traunsteinera globosa,Traunsteinera globosa
Trifolium campestre,Field Clover/Hop Trefoil
Trifolium medium,Zigzag Clover
Trifolium pratense,Red Clover
Trifolium repens,White Clover
Trifolium vesiculosum,Arrowhead Clover
Tripleurospermum inodorum,Scentless Mayweed
Tripleurospermum maritimum,Sea Mayweed
Tripodion tetraphyllum,Bladder Vetch
Trollius europaeus,Globe Flower
Trollius laxus,Spreading Globe Flower
Tuberaria guttata,Spotted Rock-rose
Tulipa cretica,Cretan Tulip
Tulipa saxatilis,Rock Tulip
Tussilago farfara,Coltsfoot
Typha latifolia,Bulrush (Great reedmace)
Umbilicus rupestris,Navelwort
Urospermum dalechampii,Smooth Golden Fleece
Urtica dioica,Stinging Nettle
Utricularia vulgaris,Greater Bladderwort
Vaccinium myrtillus,Bilberry
Valeriana dioica,Marsh Valerian
Valeriana officinalis,Common Valerian
Vallisnaria spiralis,Tape-grass
Verbascum arcturus,Verbascum arcturus
Verbascum sinuatum,Wavyleaf Mullein
Verbascum thapsus,Great Mullein
Veronica beccabunga,Brooklime
Veronica chamaedrys,Germander Speedwell
Veronica filifirmis,Slender Speedwell
Veronica officinalis,Heath Speedwell
Veronica spicata,Spiked Speedwell
Vicia benghalensis,Red Tufted Vetch
Vicia cracca,Tufted Vetch
Vicia melanops,Vicia melanops
Vicia orobus,Wood Bitter-vetch
Vicia sativa,Common Vetch
Vinca minor,Lesser Periwinkle
Viola arborescens,Woody/Shrubby Violet
Viola biflora,Two-flowered Violet
Viola odorata,Sweet Voilet
Viola reichenbachiana,Early Dog Voilet
Viola riviniana,Common Dog Voilet
Viola tricolor subsp. curtisii,Dune Pansy
Wahlenbergia hederacea,Ivy-leaved Bellflower
Yucca glauca,Soapweed Yucca