,Name,Species,Link,Status
0,Bar-headed Goose,Anser indicus,http://avibase.bsc-eoc.org/species.jsp?avibaseid=B7159EF0DE54C384,Introduced species  
1,Snow Goose,Anser caerulescens,http://avibase.bsc-eoc.org/species.jsp?avibaseid=D3A260BCA65503C6,Rare/Accidental 
2,Ross's Goose,Anser rossii,http://avibase.bsc-eoc.org/species.jsp?avibaseid=7A24F57F87F66E97,Introduced species  
3,Graylag Goose,Anser anser,http://avibase.bsc-eoc.org/species.jsp?avibaseid=4AED44E819A43204,
4,Greater White-fronted Goose,Anser albifrons,http://avibase.bsc-eoc.org/species.jsp?avibaseid=466E9077BE220EBE,
5,Lesser White-fronted Goose,Anser erythropus,http://avibase.bsc-eoc.org/species.jsp?avibaseid=184D232983E7AD10,Rare/Accidental 
6,Taiga Bean-Goose,Anser fabalis,http://avibase.bsc-eoc.org/species.jsp?avibaseid=BDB497A352D152DB,
7,Tundra Bean-Goose,Anser serrirostris,http://avibase.bsc-eoc.org/species.jsp?avibaseid=AD849FCBCC68A520,
8,Pink-footed Goose,Anser brachyrhynchus,http://avibase.bsc-eoc.org/species.jsp?avibaseid=AFA7EE7470F000E9,
9,Brant,Branta bernicla,http://avibase.bsc-eoc.org/species.jsp?avibaseid=3E04020B54C14FCC,
10,Barnacle Goose,Branta leucopsis,http://avibase.bsc-eoc.org/species.jsp?avibaseid=3163ED86A508BB83,
11,Cackling Goose,Branta hutchinsii,http://avibase.bsc-eoc.org/species.jsp?avibaseid=60214D4970BA4158,Rare/Accidental 
12,Canada Goose,Branta canadensis,http://avibase.bsc-eoc.org/species.jsp?avibaseid=B59E18633E2EFD25,Introduced species  
13,Red-breasted Goose,Branta ruficollis,http://avibase.bsc-eoc.org/species.jsp?avibaseid=0D280B3F11B099B2,Rare/Accidental 
14,Mute Swan,Cygnus olor,http://avibase.bsc-eoc.org/species.jsp?avibaseid=694C127A5D849FFE,Introduced species  
15,Tundra Swan,Cygnus columbianus,http://avibase.bsc-eoc.org/species.jsp?avibaseid=0BCBA6B9CC19E7BA,
16,Whooper Swan,Cygnus cygnus,http://avibase.bsc-eoc.org/species.jsp?avibaseid=BDDB5670D2D20A55,
17,Egyptian Goose,Alopochen aegyptiaca,http://avibase.bsc-eoc.org/species.jsp?avibaseid=DA2F24E310CF72A6,Introduced species  
18,Ruddy Shelduck,Tadorna ferruginea,http://avibase.bsc-eoc.org/species.jsp?avibaseid=1F9D883EB44DEFD6,Rare/Accidental 
19,Common Shelduck,Tadorna tadorna,http://avibase.bsc-eoc.org/species.jsp?avibaseid=5EAB32D3007896F3,
20,Wood Duck,Aix sponsa,http://avibase.bsc-eoc.org/species.jsp?avibaseid=27B2749A88E3E2C8,Introduced species  
21,Mandarin Duck,Aix galericulata,http://avibase.bsc-eoc.org/species.jsp?avibaseid=E1714A09EA1DFD1D,Introduced species  
22,Baikal Teal,Sibirionetta formosa,http://avibase.bsc-eoc.org/species.jsp?avibaseid=63EABB42903040B4,Introduced species  
23,Garganey,Spatula querquedula,http://avibase.bsc-eoc.org/species.jsp?avibaseid=F577BA0F5BB7BD3F,
24,Blue-winged Teal,Spatula discors,http://avibase.bsc-eoc.org/species.jsp?avibaseid=90E2543E9A4ABA0A,Rare/Accidental 
25,Northern Shoveler,Spatula clypeata,http://avibase.bsc-eoc.org/species.jsp?avibaseid=ED4CE8E7CFF43696,
26,Gadwall,Mareca strepera,http://avibase.bsc-eoc.org/species.jsp?avibaseid=C235A4D712BB8855,
27,Falcated Duck,Mareca falcata,http://avibase.bsc-eoc.org/species.jsp?avibaseid=978D448531E03998,Rare/Accidental 
28,Eurasian Wigeon,Mareca penelope,http://avibase.bsc-eoc.org/species.jsp?avibaseid=15EE0D3685082E13,
29,American Wigeon,Mareca americana,http://avibase.bsc-eoc.org/species.jsp?avibaseid=D201EB7230F20770,Rare/Accidental 
30,Eastern Spot-billed Duck,Anas zonorhyncha,http://avibase.bsc-eoc.org/species.jsp?avibaseid=E21470F9073AC877,Introduced species  
31,Mallard,Anas platyrhynchos,http://avibase.bsc-eoc.org/species.jsp?avibaseid=85625D75F2524457,
32,American Black Duck,Anas rubripes,http://avibase.bsc-eoc.org/species.jsp?avibaseid=C732CB106EE8BAE8,Rare/Accidental 
33,Northern Pintail,Anas acuta,http://avibase.bsc-eoc.org/species.jsp?avibaseid=56CCA7179C9FA71D,
34,Green-winged Teal,Anas crecca,http://avibase.bsc-eoc.org/species.jsp?avibaseid=BC6C3CCE5C1B5D9B,
35,Marbled Duck,Marmaronetta angustirostris,http://avibase.bsc-eoc.org/species.jsp?avibaseid=6362936EA12874F1,Introduced species  
36,Red-crested Pochard,Netta rufina,http://avibase.bsc-eoc.org/species.jsp?avibaseid=3EC2CDA952B4A18C,Introduced species  
37,Canvasback,Aythya valisineria,http://avibase.bsc-eoc.org/species.jsp?avibaseid=1929E1E16E073570,Rare/Accidental 
38,Redhead,Aythya americana,http://avibase.bsc-eoc.org/species.jsp?avibaseid=3072CC168280168B,
39,Common Pochard,Aythya ferina,http://avibase.bsc-eoc.org/species.jsp?avibaseid=A96692E0C9F7508B,
40,Ring-necked Duck,Aythya collaris,http://avibase.bsc-eoc.org/species.jsp?avibaseid=0783A7EA9C26947D,Rare/Accidental 
41,Ferruginous Duck,Aythya nyroca,http://avibase.bsc-eoc.org/species.jsp?avibaseid=7CF91527F5832F30,Rare/Accidental 
42,Tufted Duck,Aythya fuligula,http://avibase.bsc-eoc.org/species.jsp?avibaseid=67CEA1C1FC88F1DB,
43,Greater Scaup,Aythya marila,http://avibase.bsc-eoc.org/species.jsp?avibaseid=25C94A8F90A829F7,
44,Lesser Scaup,Aythya affinis,http://avibase.bsc-eoc.org/species.jsp?avibaseid=50566E50C91B8686,Rare/Accidental 
45,Steller's Eider,Polysticta stelleri,http://avibase.bsc-eoc.org/species.jsp?avibaseid=BA07D0168474EB92,Rare/Accidental 
46,King Eider,Somateria spectabilis,http://avibase.bsc-eoc.org/species.jsp?avibaseid=F3D7491432CC59E7,Rare/Accidental 
47,Common Eider,Somateria mollissima,http://avibase.bsc-eoc.org/species.jsp?avibaseid=B77377EEB852D0AF,
48,Harlequin Duck,Histrionicus histrionicus,http://avibase.bsc-eoc.org/species.jsp?avibaseid=BCBD2EAECA774B19,Rare/Accidental 
49,Surf Scoter,Melanitta perspicillata,http://avibase.bsc-eoc.org/species.jsp?avibaseid=624078BAC17F8111,Rare/Accidental 
50,Velvet Scoter,Melanitta fusca,http://avibase.bsc-eoc.org/species.jsp?avibaseid=BAF44E36E8D647CB,
51,White-winged Scoter,Melanitta deglandi,http://avibase.bsc-eoc.org/species.jsp?avibaseid=4800D6B673F13A48,Rare/Accidental 
52,Common Scoter,Melanitta nigra,http://avibase.bsc-eoc.org/species.jsp?avibaseid=246981996A4998ED,
53,Black Scoter,Melanitta americana,http://avibase.bsc-eoc.org/species.jsp?avibaseid=B7B1A5DD94724A05,
54,Long-tailed Duck,Clangula hyemalis,http://avibase.bsc-eoc.org/species.jsp?avibaseid=AF0C7BDEC7CEBAAC,
55,Bufflehead,Bucephala albeola,http://avibase.bsc-eoc.org/species.jsp?avibaseid=FB7383856D0DB2EA,Rare/Accidental 
56,Common Goldeneye,Bucephala clangula,http://avibase.bsc-eoc.org/species.jsp?avibaseid=68EA281AF74846D2,
57,Barrow's Goldeneye,Bucephala islandica,http://avibase.bsc-eoc.org/species.jsp?avibaseid=9456DEDF7E1AADF3,Rare/Accidental 
58,Smew,Mergellus albellus,http://avibase.bsc-eoc.org/species.jsp?avibaseid=F1F520368CC95F88,
59,Hooded Merganser,Lophodytes cucullatus,http://avibase.bsc-eoc.org/species.jsp?avibaseid=60E6081E3DF8CFA4,Rare/Accidental 
60,Common Merganser,Mergus merganser,http://avibase.bsc-eoc.org/species.jsp?avibaseid=407E2CA886367DBB,
61,Red-breasted Merganser,Mergus serrator,http://avibase.bsc-eoc.org/species.jsp?avibaseid=8DB64266A42FC19B,
62,Ruddy Duck,Oxyura jamaicensis,http://avibase.bsc-eoc.org/species.jsp?avibaseid=675EEA7FBD490CED,Introduced species  
63,Willow Ptarmigan,Lagopus lagopus,http://avibase.bsc-eoc.org/species.jsp?avibaseid=FC3D07C64FF2C915,
64,Rock Ptarmigan,Lagopus muta,http://avibase.bsc-eoc.org/species.jsp?avibaseid=79B161B7017DD7ED,
65,Western Capercaillie,Tetrao urogallus,http://avibase.bsc-eoc.org/species.jsp?avibaseid=C3221EE24B948F50,Introduced species  
66,Black Grouse,Lyrurus tetrix,http://avibase.bsc-eoc.org/species.jsp?avibaseid=D4441CD6E9C993EF,
67,Gray Partridge,Perdix perdix,http://avibase.bsc-eoc.org/species.jsp?avibaseid=C013A20E7F91419D,
68,Golden Pheasant,Chrysolophus pictus,http://avibase.bsc-eoc.org/species.jsp?avibaseid=093AC1FC5140E629,Introduced species  
69,Lady Amherst's Pheasant,Chrysolophus amherstiae,http://avibase.bsc-eoc.org/species.jsp?avibaseid=DDF032E83155CBB2,Introduced species  
70,Ring-necked Pheasant,Phasianus colchicus,http://avibase.bsc-eoc.org/species.jsp?avibaseid=2FA39DCD42F80BC9,Introduced species  
71,Common Quail,Coturnix coturnix,http://avibase.bsc-eoc.org/species.jsp?avibaseid=CAFE345DCABD8BF8,
72,Red-legged Partridge,Alectoris rufa,http://avibase.bsc-eoc.org/species.jsp?avibaseid=F71E0BE60C5B3C98,Introduced species  
73,Greater Flamingo,Phoenicopterus roseus,http://avibase.bsc-eoc.org/species.jsp?avibaseid=0F9B5174A8ACF737,Introduced species  
74,Little Grebe,Tachybaptus ruficollis,http://avibase.bsc-eoc.org/species.jsp?avibaseid=215FEA89A0F19F5C,
75,Pied-billed Grebe,Podilymbus podiceps,http://avibase.bsc-eoc.org/species.jsp?avibaseid=9A8E55D00554A088,Rare/Accidental 
76,Horned Grebe,Podiceps auritus,http://avibase.bsc-eoc.org/species.jsp?avibaseid=018B316959E84738,
77,Red-necked Grebe,Podiceps grisegena,http://avibase.bsc-eoc.org/species.jsp?avibaseid=1CBD2CED48B674A4,
78,Great Crested Grebe,Podiceps cristatus,http://avibase.bsc-eoc.org/species.jsp?avibaseid=8F269702DC208010,
79,Eared Grebe,Podiceps nigricollis,http://avibase.bsc-eoc.org/species.jsp?avibaseid=32DCEC14D7AE129B,
80,Rock Pigeon,Columba livia,http://avibase.bsc-eoc.org/species.jsp?avibaseid=BBA263C235B15B88,
81,Stock Dove,Columba oenas,http://avibase.bsc-eoc.org/species.jsp?avibaseid=68E4C0D1404A46D8,
82,Common Wood-Pigeon,Columba palumbus,http://avibase.bsc-eoc.org/species.jsp?avibaseid=760F307A30689D66,
83,European Turtle-Dove,Streptopelia turtur,http://avibase.bsc-eoc.org/species.jsp?avibaseid=5788552B694ED7B5,
84,Oriental Turtle-Dove,Streptopelia orientalis,http://avibase.bsc-eoc.org/species.jsp?avibaseid=6658BAC574088183,Rare/Accidental 
85,Eurasian Collared-Dove,Streptopelia decaocto,http://avibase.bsc-eoc.org/species.jsp?avibaseid=0C1EFC9B44C459D3,
86,Pallas's Sandgrouse,Syrrhaptes paradoxus,http://avibase.bsc-eoc.org/species.jsp?avibaseid=BDCB55F1196CAC6A,Rare/Accidental 
87,Spotted Sandgrouse,Pterocles senegallus,http://avibase.bsc-eoc.org/species.jsp?avibaseid=942BC61855ED501E,Introduced species  
88,Great Bustard,Otis tarda,http://avibase.bsc-eoc.org/species.jsp?avibaseid=C6F33176724AC933,Rare/Accidental 
89,Macqueen's Bustard,Chlamydotis macqueenii,http://avibase.bsc-eoc.org/species.jsp?avibaseid=1BCEB0FD7CDFB06A,Rare/Accidental 
90,Little Bustard,Tetrax tetrax,http://avibase.bsc-eoc.org/species.jsp?avibaseid=56E3016D3370A6D5,Rare/Accidental 
91,Great Spotted Cuckoo,Clamator glandarius,http://avibase.bsc-eoc.org/species.jsp?avibaseid=3D67C56A490A60AE,Rare/Accidental 
92,Yellow-billed Cuckoo,Coccyzus americanus,http://avibase.bsc-eoc.org/species.jsp?avibaseid=0CF12F8155708DC8,Rare/Accidental 
93,Black-billed Cuckoo,Coccyzus erythropthalmus,http://avibase.bsc-eoc.org/species.jsp?avibaseid=41E9F54BDA04ACBA,Rare/Accidental 
94,Common Cuckoo,Cuculus canorus,http://avibase.bsc-eoc.org/species.jsp?avibaseid=B3D2C3C5B73EC8E8,
95,Common Nighthawk,Chordeiles minor,http://avibase.bsc-eoc.org/species.jsp?avibaseid=24E39ACD5692DA4A,Rare/Accidental 
96,Red-necked Nightjar,Caprimulgus ruficollis,http://avibase.bsc-eoc.org/species.jsp?avibaseid=6CC3D04BF479A2A2,Rare/Accidental 
97,Eurasian Nightjar,Caprimulgus europaeus,http://avibase.bsc-eoc.org/species.jsp?avibaseid=80D4B0FE7FF1D735,
98,Egyptian Nightjar,Caprimulgus aegyptius,http://avibase.bsc-eoc.org/species.jsp?avibaseid=2F7F024457A842B1,Rare/Accidental 
99,Chimney Swift,Chaetura pelagica,http://avibase.bsc-eoc.org/species.jsp?avibaseid=C3AD1AFF63D26461,Rare/Accidental 
100,White-throated Needletail,Hirundapus caudacutus,http://avibase.bsc-eoc.org/species.jsp?avibaseid=EA55CA2791012786,Rare/Accidental 
101,Alpine Swift,Tachymarptis melba,http://avibase.bsc-eoc.org/species.jsp?avibaseid=FA1CAD2906F7C845,Rare/Accidental 
102,Common Swift,Apus apus,http://avibase.bsc-eoc.org/species.jsp?avibaseid=4E6EF3F983079D73,
103,Pallid Swift,Apus pallidus,http://avibase.bsc-eoc.org/species.jsp?avibaseid=332BC664DFABB965,Rare/Accidental 
104,Pacific Swift,Apus pacificus,http://avibase.bsc-eoc.org/species.jsp?avibaseid=E23EBEFB47EB1EB0,Rare/Accidental 
105,Little Swift,Apus affinis,http://avibase.bsc-eoc.org/species.jsp?avibaseid=D209A90C8A90DA51,Rare/Accidental 
106,White-rumped Swift,Apus caffer,http://avibase.bsc-eoc.org/species.jsp?avibaseid=FA9F60196383DBA2,Rare/Accidental 
107,Water Rail,Rallus aquaticus,http://avibase.bsc-eoc.org/species.jsp?avibaseid=DE1D2DF4456931FF,
108,Corn Crake,Crex crex,http://avibase.bsc-eoc.org/species.jsp?avibaseid=7E2572426E200D08,
109,Sora,Porzana carolina,http://avibase.bsc-eoc.org/species.jsp?avibaseid=2CC21529B5674AEB,Rare/Accidental 
110,Spotted Crake,Porzana porzana,http://avibase.bsc-eoc.org/species.jsp?avibaseid=460708F99737A6A2,
111,Eurasian Moorhen,Gallinula chloropus,http://avibase.bsc-eoc.org/species.jsp?avibaseid=8F82FF8C30667D90,
112,Eurasian Coot,Fulica atra,http://avibase.bsc-eoc.org/species.jsp?avibaseid=B682B2A9C922D4C4,
113,American Coot,Fulica americana,http://avibase.bsc-eoc.org/species.jsp?avibaseid=4FB248BAEFEC2868,Rare/Accidental 
114,Allen's Gallinule,Porphyrio alleni,http://avibase.bsc-eoc.org/species.jsp?avibaseid=53288666B2C70F88,Rare/Accidental 
115,Purple Gallinule,Porphyrio martinica,http://avibase.bsc-eoc.org/species.jsp?avibaseid=72A4F8EBF168E80D,Rare/Accidental 
116,Western Swamphen,Porphyrio porphyrio,http://avibase.bsc-eoc.org/species.jsp?avibaseid=B6838E0C27EAD078,Rare/Accidental 
117,Gray-headed Swamphen,Porphyrio poliocephalus,http://avibase.bsc-eoc.org/species.jsp?avibaseid=BFAE9B0403627027,Introduced species  
118,Little Crake,Zapornia parva,http://avibase.bsc-eoc.org/species.jsp?avibaseid=9106EBE6C0914933,Rare/Accidental 
119,Baillon's Crake,Zapornia pusilla,http://avibase.bsc-eoc.org/species.jsp?avibaseid=34D5B04DE53894FF,Rare/Accidental 
120,Sandhill Crane,Antigone canadensis,http://avibase.bsc-eoc.org/species.jsp?avibaseid=E196D6F9AB1DFF7E,Rare/Accidental 
121,Common Crane,Grus grus,http://avibase.bsc-eoc.org/species.jsp?avibaseid=99B8841E764117B1,
122,Eurasian Thick-knee,Burhinus oedicnemus,http://avibase.bsc-eoc.org/species.jsp?avibaseid=C7DB323E37CEDBE6,
123,Black-winged Stilt,Himantopus himantopus,http://avibase.bsc-eoc.org/species.jsp?avibaseid=3CAEB7CEEC7FFF50,Rare/Accidental 
124,Pied Avocet,Recurvirostra avosetta,http://avibase.bsc-eoc.org/species.jsp?avibaseid=C73ED2F5D88625BA,
125,Eurasian Oystercatcher,Haematopus ostralegus,http://avibase.bsc-eoc.org/species.jsp?avibaseid=ED66316522B99A30,
126,Black-bellied Plover,Pluvialis squatarola,http://avibase.bsc-eoc.org/species.jsp?avibaseid=27903EF7E618A6A2,
127,European Golden-Plover,Pluvialis apricaria,http://avibase.bsc-eoc.org/species.jsp?avibaseid=25A20BA6F7EA9D9A,
128,American Golden-Plover,Pluvialis dominica,http://avibase.bsc-eoc.org/species.jsp?avibaseid=2143A8526CA7C809,Rare/Accidental 
129,Pacific Golden-Plover,Pluvialis fulva,http://avibase.bsc-eoc.org/species.jsp?avibaseid=07C11CF340D2017A,Rare/Accidental 
130,Eurasian Dotterel,Eudromias morinellus,http://avibase.bsc-eoc.org/species.jsp?avibaseid=20BE9DF14579BD4A,
131,Killdeer,Charadrius vociferus,http://avibase.bsc-eoc.org/species.jsp?avibaseid=BCF9A19AFE372627,Rare/Accidental 
132,Common Ringed Plover,Charadrius hiaticula,http://avibase.bsc-eoc.org/species.jsp?avibaseid=EDA37B7C5D4A25ED,
133,Semipalmated Plover,Charadrius semipalmatus,http://avibase.bsc-eoc.org/species.jsp?avibaseid=95E28A57CB50B0D7,Rare/Accidental 
134,Little Ringed Plover,Charadrius dubius,http://avibase.bsc-eoc.org/species.jsp?avibaseid=35EC3BBF166AB032,
135,Northern Lapwing,Vanellus vanellus,http://avibase.bsc-eoc.org/species.jsp?avibaseid=F029489ABD9D1334,
136,Gray-headed Lapwing,Vanellus cinereus,http://avibase.bsc-eoc.org/species.jsp?avibaseid=8F8F0CF04F2CB9F8,Rare/Accidental 
137,Sociable Lapwing,Vanellus gregarius,http://avibase.bsc-eoc.org/species.jsp?avibaseid=D348C2D65FA2DF83,Rare/Accidental 
138,White-tailed Lapwing,Vanellus leucurus,http://avibase.bsc-eoc.org/species.jsp?avibaseid=A480FDDF8BBC5443,Rare/Accidental 
139,Caspian Plover,Anarhynchus asiaticus,http://avibase.bsc-eoc.org/species.jsp?avibaseid=264D03516760D706,Rare/Accidental 
140,Siberian Sand-Plover,Anarhynchus mongolus,http://avibase.bsc-eoc.org/species.jsp?avibaseid=66DA1FB3162F3239,Rare/Accidental 
141,Tibetan Sand-Plover,Anarhynchus atrifrons,http://avibase.bsc-eoc.org/species.jsp?avibaseid=828D3D5A6AFE2F26,Rare/Accidental 
142,Greater Sand-Plover,Anarhynchus leschenaultii,http://avibase.bsc-eoc.org/species.jsp?avibaseid=98B9C10B606A4FF1,Rare/Accidental 
143,Kentish Plover,Anarhynchus alexandrinus,http://avibase.bsc-eoc.org/species.jsp?avibaseid=AA4385A283B9A81E,
144,Upland Sandpiper,Bartramia longicauda,http://avibase.bsc-eoc.org/species.jsp?avibaseid=BF1DA86E0714FD01,Rare/Accidental 
145,Whimbrel,Numenius phaeopus,http://avibase.bsc-eoc.org/species.jsp?avibaseid=F9305BAA638BAEFC,
146,Little Curlew,Numenius minutus,http://avibase.bsc-eoc.org/species.jsp?avibaseid=C00E1EB8C00BCC31,Rare/Accidental 
147,Eskimo Curlew,Numenius borealis,http://avibase.bsc-eoc.org/species.jsp?avibaseid=FB9305DB788ED649,Rare/Accidental 
148,Slender-billed Curlew,Numenius tenuirostris,http://avibase.bsc-eoc.org/species.jsp?avibaseid=7A35DE8186E4DF43,Rare/Accidental 
149,Eurasian Curlew,Numenius arquata,http://avibase.bsc-eoc.org/species.jsp?avibaseid=3BB5CBA66CF48884,
150,Bar-tailed Godwit,Limosa lapponica,http://avibase.bsc-eoc.org/species.jsp?avibaseid=9A684C997C1AF1BA,
151,Black-tailed Godwit,Limosa limosa,http://avibase.bsc-eoc.org/species.jsp?avibaseid=454B5CD5F5285B77,
152,Hudsonian Godwit,Limosa haemastica,http://avibase.bsc-eoc.org/species.jsp?avibaseid=930139644308C7B7,Rare/Accidental 
153,Short-billed Dowitcher,Limnodromus griseus,http://avibase.bsc-eoc.org/species.jsp?avibaseid=4A3B2CFF53868550,Rare/Accidental 
154,Long-billed Dowitcher,Limnodromus scolopaceus,http://avibase.bsc-eoc.org/species.jsp?avibaseid=CB343E43E8CAF303,Rare/Accidental 
155,Jack Snipe,Lymnocryptes minimus,http://avibase.bsc-eoc.org/species.jsp?avibaseid=1A15F0C6B4948C52,
156,Eurasian Woodcock,Scolopax rusticola,http://avibase.bsc-eoc.org/species.jsp?avibaseid=BFE14290EA4326FA,
157,Great Snipe,Gallinago media,http://avibase.bsc-eoc.org/species.jsp?avibaseid=BCCD5840C7A6D538,Rare/Accidental 
158,Common Snipe,Gallinago gallinago,http://avibase.bsc-eoc.org/species.jsp?avibaseid=9151E0BA75761647,
159,Wilson's Snipe,Gallinago delicata,http://avibase.bsc-eoc.org/species.jsp?avibaseid=F5C8516D3B9C7686,Rare/Accidental 
160,Wilson's Phalarope,Phalaropus tricolor,http://avibase.bsc-eoc.org/species.jsp?avibaseid=667C6969D7874433,Rare/Accidental 
161,Red Phalarope,Phalaropus fulicarius,http://avibase.bsc-eoc.org/species.jsp?avibaseid=18A1938091EEEA73,
162,Red-necked Phalarope,Phalaropus lobatus,http://avibase.bsc-eoc.org/species.jsp?avibaseid=E6F3BA54577746FB,
163,Terek Sandpiper,Xenus cinereus,http://avibase.bsc-eoc.org/species.jsp?avibaseid=6D5992EEE12070E8,Rare/Accidental 
164,Common Sandpiper,Actitis hypoleucos,http://avibase.bsc-eoc.org/species.jsp?avibaseid=8548B07ECA48773F,
165,Spotted Sandpiper,Actitis macularius,http://avibase.bsc-eoc.org/species.jsp?avibaseid=0D88C072E71FE4B8,Rare/Accidental 
166,Green Sandpiper,Tringa ochropus,http://avibase.bsc-eoc.org/species.jsp?avibaseid=A7B17EFC92B53D29,
167,Solitary Sandpiper,Tringa solitaria,http://avibase.bsc-eoc.org/species.jsp?avibaseid=D4A73324DB24F142,Rare/Accidental 
168,Marsh Sandpiper,Tringa stagnatilis,http://avibase.bsc-eoc.org/species.jsp?avibaseid=15CF9352AD0E92DF,Rare/Accidental 
169,Wood Sandpiper,Tringa glareola,http://avibase.bsc-eoc.org/species.jsp?avibaseid=8E67DC5F68BDF62C,
170,Common Redshank,Tringa totanus,http://avibase.bsc-eoc.org/species.jsp?avibaseid=D6BFC73A3E067711,
171,Lesser Yellowlegs,Tringa flavipes,http://avibase.bsc-eoc.org/species.jsp?avibaseid=2C7A2673444BECF0,Rare/Accidental 
172,Spotted Redshank,Tringa erythropus,http://avibase.bsc-eoc.org/species.jsp?avibaseid=0895DD84DB3A45D1,
173,Common Greenshank,Tringa nebularia,http://avibase.bsc-eoc.org/species.jsp?avibaseid=18B415D28BBF934C,
174,Greater Yellowlegs,Tringa melanoleuca,http://avibase.bsc-eoc.org/species.jsp?avibaseid=6EB81C98A8FD9CE6,Rare/Accidental 
175,Ruddy Turnstone,Arenaria interpres,http://avibase.bsc-eoc.org/species.jsp?avibaseid=DC3050A9771F2CE9,
176,Great Knot,Calidris tenuirostris,http://avibase.bsc-eoc.org/species.jsp?avibaseid=09C51FA9A4E5C3E8,Rare/Accidental 
177,Red Knot,Calidris canutus,http://avibase.bsc-eoc.org/species.jsp?avibaseid=B5CE8FAD18923A94,
178,Ruff,Calidris pugnax,http://avibase.bsc-eoc.org/species.jsp?avibaseid=2DABF98FBEEAB7BB,
179,Broad-billed Sandpiper,Calidris falcinellus,http://avibase.bsc-eoc.org/species.jsp?avibaseid=0A14882F5F9F64E6,Rare/Accidental 
180,Sharp-tailed Sandpiper,Calidris acuminata,http://avibase.bsc-eoc.org/species.jsp?avibaseid=A0A67A811E53D89F,Rare/Accidental 
181,Curlew Sandpiper,Calidris ferruginea,http://avibase.bsc-eoc.org/species.jsp?avibaseid=143A681C9BCE9A20,
182,Stilt Sandpiper,Calidris himantopus,http://avibase.bsc-eoc.org/species.jsp?avibaseid=ECDE73F2E6E6E622,Rare/Accidental 
183,Temminck's Stint,Calidris temminckii,http://avibase.bsc-eoc.org/species.jsp?avibaseid=5ACF7FB313BEF9EA,
184,Long-toed Stint,Calidris subminuta,http://avibase.bsc-eoc.org/species.jsp?avibaseid=7D629288C753814E,Rare/Accidental 
185,Red-necked Stint,Calidris ruficollis,http://avibase.bsc-eoc.org/species.jsp?avibaseid=BBDF2F1BAC640E4D,Rare/Accidental 
186,Buff-breasted Sandpiper,Calidris subruficollis,http://avibase.bsc-eoc.org/species.jsp?avibaseid=3A3C62BC935BDA72,
187,Sanderling,Calidris alba,http://avibase.bsc-eoc.org/species.jsp?avibaseid=06B9BD243A756B28,
188,Dunlin,Calidris alpina,http://avibase.bsc-eoc.org/species.jsp?avibaseid=15369E8EB4CBD064,
189,Purple Sandpiper,Calidris maritima,http://avibase.bsc-eoc.org/species.jsp?avibaseid=0A0B84313ACFFB2F,
190,Baird's Sandpiper,Calidris bairdii,http://avibase.bsc-eoc.org/species.jsp?avibaseid=1F1AD154DAE2E070,Rare/Accidental 
191,Little Stint,Calidris minuta,http://avibase.bsc-eoc.org/species.jsp?avibaseid=9936FF4AFB430504,
192,White-rumped Sandpiper,Calidris fuscicollis,http://avibase.bsc-eoc.org/species.jsp?avibaseid=153BA3069DFCDDCA,Rare/Accidental 
193,Least Sandpiper,Calidris minutilla,http://avibase.bsc-eoc.org/species.jsp?avibaseid=A47B0BD448AA34E0,Rare/Accidental 
194,Pectoral Sandpiper,Calidris melanotos,http://avibase.bsc-eoc.org/species.jsp?avibaseid=ACC99F35F0E8F7EB,
195,Western Sandpiper,Calidris mauri,http://avibase.bsc-eoc.org/species.jsp?avibaseid=01060BFDFF0D9D28,Rare/Accidental 
196,Semipalmated Sandpiper,Calidris pusilla,http://avibase.bsc-eoc.org/species.jsp?avibaseid=F35821AAC21FFF20,Rare/Accidental 
197,Cream-colored Courser,Cursorius cursor,http://avibase.bsc-eoc.org/species.jsp?avibaseid=DE0A72A7FA1E6DB7,Rare/Accidental 
198,Oriental Pratincole,Glareola maldivarum,http://avibase.bsc-eoc.org/species.jsp?avibaseid=3222F80FA99A55A7,Rare/Accidental 
199,Black-winged Pratincole,Glareola nordmanni,http://avibase.bsc-eoc.org/species.jsp?avibaseid=E1F6A875C32C042D,Rare/Accidental 
200,Collared Pratincole,Glareola pratincola,http://avibase.bsc-eoc.org/species.jsp?avibaseid=D56ABB4EE468E9EF,Rare/Accidental 
201,Long-tailed Jaeger,Stercorarius longicaudus,http://avibase.bsc-eoc.org/species.jsp?avibaseid=1D4464402EC9FD21,
202,Parasitic Jaeger,Stercorarius parasiticus,http://avibase.bsc-eoc.org/species.jsp?avibaseid=39086887E9EAFEB3,
203,Pomarine Jaeger,Stercorarius pomarinus,http://avibase.bsc-eoc.org/species.jsp?avibaseid=7CB8F5B711DE64D0,
204,Great Skua,Stercorarius skua,http://avibase.bsc-eoc.org/species.jsp?avibaseid=BB041C6E5DB73FC7,
205,South Polar Skua,Stercorarius maccormicki,http://avibase.bsc-eoc.org/species.jsp?avibaseid=7D1A9D5CCCDC597C,Rare/Accidental 
206,Tufted Puffin,Fratercula cirrhata,http://avibase.bsc-eoc.org/species.jsp?avibaseid=F79373497BC9C8FD,Rare/Accidental 
207,Atlantic Puffin,Fratercula arctica,http://avibase.bsc-eoc.org/species.jsp?avibaseid=2771624B64AD7F2C,
208,Long-billed Murrelet,Brachyramphus perdix,http://avibase.bsc-eoc.org/species.jsp?avibaseid=0518820F7A915A80,Rare/Accidental 
209,Black Guillemot,Cepphus grylle,http://avibase.bsc-eoc.org/species.jsp?avibaseid=B5AA5952E13FE5F3,
210,Razorbill,Alca torda,http://avibase.bsc-eoc.org/species.jsp?avibaseid=64F4DD81371B269F,
211,Great Auk,Pinguinus impennis,http://avibase.bsc-eoc.org/species.jsp?avibaseid=57D2F32E062CB366,Rare/Accidental 
212,Dovekie,Alle alle,http://avibase.bsc-eoc.org/species.jsp?avibaseid=B0932D89F1F74318,
213,Thick-billed Murre,Uria lomvia,http://avibase.bsc-eoc.org/species.jsp?avibaseid=B70B5840ABCD5CFC,Rare/Accidental 
214,Common Murre,Uria aalge,http://avibase.bsc-eoc.org/species.jsp?avibaseid=39F29B55EF9A542F,
215,Ancient Murrelet,Synthliboramphus antiquus,http://avibase.bsc-eoc.org/species.jsp?avibaseid=ACA4FEFE451B4BD8,Rare/Accidental 
216,Little Gull,Hydrocoloeus minutus,http://avibase.bsc-eoc.org/species.jsp?avibaseid=F89FD6E3A367C008,
217,Ross's Gull,Rhodostethia rosea,http://avibase.bsc-eoc.org/species.jsp?avibaseid=4CD353D243C27F86,Rare/Accidental 
218,Black-legged Kittiwake,Rissa tridactyla,http://avibase.bsc-eoc.org/species.jsp?avibaseid=FB4D08F0837D4683,
219,Ivory Gull,Pagophila eburnea,http://avibase.bsc-eoc.org/species.jsp?avibaseid=FED91A1F00C4E67C,Rare/Accidental 
220,Sabine's Gull,Xema sabini,http://avibase.bsc-eoc.org/species.jsp?avibaseid=86182656472B476B,
221,Slender-billed Gull,Chroicocephalus genei,http://avibase.bsc-eoc.org/species.jsp?avibaseid=27CE7132A1848BCD,Rare/Accidental 
222,Bonaparte's Gull,Chroicocephalus philadelphia,http://avibase.bsc-eoc.org/species.jsp?avibaseid=0337440E2A88E638,Rare/Accidental 
223,Black-headed Gull,Chroicocephalus ridibundus,http://avibase.bsc-eoc.org/species.jsp?avibaseid=FB02DD9658CC1EC6,
224,Laughing Gull,Leucophaeus atricilla,http://avibase.bsc-eoc.org/species.jsp?avibaseid=6CDC3C9C8B50EA71,Rare/Accidental 
225,Franklin's Gull,Leucophaeus pipixcan,http://avibase.bsc-eoc.org/species.jsp?avibaseid=57C93A74CBC9863F,Rare/Accidental 
226,Pallas's Gull,Ichthyaetus ichthyaetus,http://avibase.bsc-eoc.org/species.jsp?avibaseid=EF930CDC7CE618F7,Rare/Accidental 
227,Audouin's Gull,Ichthyaetus audouinii,http://avibase.bsc-eoc.org/species.jsp?avibaseid=F7B9355E42C3F987,Rare/Accidental 
228,Mediterranean Gull,Ichthyaetus melanocephalus,http://avibase.bsc-eoc.org/species.jsp?avibaseid=052BFA8A77EED5AF,
229,Black-tailed Gull,Larus crassirostris,http://avibase.bsc-eoc.org/species.jsp?avibaseid=8C4CE60F3DA7955C,Rare/Accidental 
230,Common Gull,Larus canus,http://avibase.bsc-eoc.org/species.jsp?avibaseid=00DA9D9151189271,
231,Ring-billed Gull,Larus delawarensis,http://avibase.bsc-eoc.org/species.jsp?avibaseid=23863F65441680FA,
232,Caspian Gull,Larus cachinnans,http://avibase.bsc-eoc.org/species.jsp?avibaseid=93CA037F6FFE9FDB,
233,Kelp Gull,Larus dominicanus,http://avibase.bsc-eoc.org/species.jsp?avibaseid=E6536E4E904EF414,Rare/Accidental 
234,Herring Gull,Larus argentatus,http://avibase.bsc-eoc.org/species.jsp?avibaseid=8535345BBCE9771B,
235,Yellow-legged Gull,Larus michahellis,http://avibase.bsc-eoc.org/species.jsp?avibaseid=E074D7069AE1303C,
236,Great Black-backed Gull,Larus marinus,http://avibase.bsc-eoc.org/species.jsp?avibaseid=E826E9F3FBAED223,
237,Glaucous Gull,Larus hyperboreus,http://avibase.bsc-eoc.org/species.jsp?avibaseid=A59FA446D6B40057,
238,Lesser Black-backed Gull,Larus fuscus,http://avibase.bsc-eoc.org/species.jsp?avibaseid=2D52E3A509137804,
239,Glaucous-winged Gull,Larus glaucescens,http://avibase.bsc-eoc.org/species.jsp?avibaseid=03AC32BA532FB6E3,Rare/Accidental 
240,Slaty-backed Gull,Larus schistisagus,http://avibase.bsc-eoc.org/species.jsp?avibaseid=456C7FAEF6E50426,Rare/Accidental 
241,Iceland Gull,Larus glaucoides,http://avibase.bsc-eoc.org/species.jsp?avibaseid=FB4FCB27CC5566D1,
242,Aleutian Tern,Onychoprion aleuticus,http://avibase.bsc-eoc.org/species.jsp?avibaseid=BEE4F34A70214978,Rare/Accidental 
243,Sooty Tern,Onychoprion fuscatus,http://avibase.bsc-eoc.org/species.jsp?avibaseid=3E7F825D03C0DC3E,Rare/Accidental 
244,Bridled Tern,Onychoprion anaethetus,http://avibase.bsc-eoc.org/species.jsp?avibaseid=E6518B9D5C802F2A,Rare/Accidental 
245,Little Tern,Sternula albifrons,http://avibase.bsc-eoc.org/species.jsp?avibaseid=17310BF0FE9BAC8A,
246,Least Tern,Sternula antillarum,http://avibase.bsc-eoc.org/species.jsp?avibaseid=BE78E765F1DA8123,Rare/Accidental 
247,Gull-billed Tern,Gelochelidon nilotica,http://avibase.bsc-eoc.org/species.jsp?avibaseid=87168739C37AC427,Rare/Accidental 
248,Caspian Tern,Hydroprogne caspia,http://avibase.bsc-eoc.org/species.jsp?avibaseid=BC06BC0D1056BC7B,Rare/Accidental 
249,Whiskered Tern,Chlidonias hybrida,http://avibase.bsc-eoc.org/species.jsp?avibaseid=7AB4E42B260B5954,Rare/Accidental 
250,Black Tern,Chlidonias niger,http://avibase.bsc-eoc.org/species.jsp?avibaseid=115AF02DD58018FB,
251,White-winged Tern,Chlidonias leucopterus,http://avibase.bsc-eoc.org/species.jsp?avibaseid=43CAAEE3B0D305D9,Rare/Accidental 
252,Forster's Tern,Sterna forsteri,http://avibase.bsc-eoc.org/species.jsp?avibaseid=D13B91229B2F157E,Rare/Accidental 
253,Arctic Tern,Sterna paradisaea,http://avibase.bsc-eoc.org/species.jsp?avibaseid=BDC5CF80BE6CFC21,
254,Common Tern,Sterna hirundo,http://avibase.bsc-eoc.org/species.jsp?avibaseid=4D2FF6F13790ED7E,
255,Roseate Tern,Sterna dougallii,http://avibase.bsc-eoc.org/species.jsp?avibaseid=74236837A4AFD042,
256,Sandwich Tern,Thalasseus sandvicensis,http://avibase.bsc-eoc.org/species.jsp?avibaseid=F7504353640C1055,
257,Elegant Tern,Thalasseus elegans,http://avibase.bsc-eoc.org/species.jsp?avibaseid=3F9E1C51FBD48FC1,Rare/Accidental 
258,Lesser Crested Tern,Thalasseus bengalensis,http://avibase.bsc-eoc.org/species.jsp?avibaseid=D01CDECDCA736E26,Rare/Accidental 
259,West African Crested Tern,Thalasseus albididorsalis,http://avibase.bsc-eoc.org/species.jsp?avibaseid=CF8461BFDAE5E751,Rare/Accidental 
260,Royal Tern,Thalasseus maximus,http://avibase.bsc-eoc.org/species.jsp?avibaseid=719935EF80BDF4AB,Rare/Accidental 
261,White-tailed Tropicbird,Phaethon lepturus,http://avibase.bsc-eoc.org/species.jsp?avibaseid=1D07B501FEAF0840,Rare/Accidental 
262,Red-billed Tropicbird,Phaethon aethereus,http://avibase.bsc-eoc.org/species.jsp?avibaseid=7EE005BD2701D129,Rare/Accidental 
263,Red-throated Loon,Gavia stellata,http://avibase.bsc-eoc.org/species.jsp?avibaseid=6C50988A5445ED76,
264,Arctic Loon,Gavia arctica,http://avibase.bsc-eoc.org/species.jsp?avibaseid=CA5852BE6E617DBD,
265,Pacific Loon,Gavia pacifica,http://avibase.bsc-eoc.org/species.jsp?avibaseid=B7D7EF2398F42295,Rare/Accidental 
266,Common Loon,Gavia immer,http://avibase.bsc-eoc.org/species.jsp?avibaseid=7E02237895784E9A,
267,Yellow-billed Loon,Gavia adamsii,http://avibase.bsc-eoc.org/species.jsp?avibaseid=5349255DB4579713,Rare/Accidental 
268,Atlantic Yellow-nosed Albatross,Thalassarche chlororhynchos,http://avibase.bsc-eoc.org/species.jsp?avibaseid=EA2FA91827802E23,Rare/Accidental 
269,Black-browed Albatross,Thalassarche melanophris,http://avibase.bsc-eoc.org/species.jsp?avibaseid=F9FCB9FF95FD3440,Rare/Accidental 
270,Wilson's Storm-Petrel,Oceanites oceanicus,http://avibase.bsc-eoc.org/species.jsp?avibaseid=D295D249BDB7E046,Rare/Accidental 
271,White-faced Storm-Petrel,Pelagodroma marina,http://avibase.bsc-eoc.org/species.jsp?avibaseid=E9DF118ED56564A9,Rare/Accidental 
272,Black-bellied Storm-Petrel,Fregetta tropica,http://avibase.bsc-eoc.org/species.jsp?avibaseid=ACE8EADE6CE42400,Rare/Accidental 
273,European Storm-Petrel,Hydrobates pelagicus,http://avibase.bsc-eoc.org/species.jsp?avibaseid=E1638A370D09095C,
274,Leach's Storm-Petrel,Hydrobates leucorhous,http://avibase.bsc-eoc.org/species.jsp?avibaseid=C5FB15C6D112FE91,
275,Swinhoe's Storm-Petrel,Hydrobates monorhis,http://avibase.bsc-eoc.org/species.jsp?avibaseid=80DE86705CC16A9A,Rare/Accidental 
276,Band-rumped Storm-Petrel,Hydrobates castro,http://avibase.bsc-eoc.org/species.jsp?avibaseid=D3FAE385D584B014,Rare/Accidental 
277,Northern Fulmar,Fulmarus glacialis,http://avibase.bsc-eoc.org/species.jsp?avibaseid=049D9AEA4AFBFDFA,
278,Trindade Petrel,Pterodroma arminjoniana,http://avibase.bsc-eoc.org/species.jsp?avibaseid=8116523B40EF3745,Rare/Accidental 
279,Zino's Petrel,Pterodroma madeira,http://avibase.bsc-eoc.org/species.jsp?avibaseid=A6EA486B4C3CA2A5,Rare/Accidental 
280,Fea's Petrel,Pterodroma feae,http://avibase.bsc-eoc.org/species.jsp?avibaseid=26B5280F0A46A17E,Rare/Accidental 
281,Soft-plumaged Petrel,Pterodroma mollis,http://avibase.bsc-eoc.org/species.jsp?avibaseid=12286A1E6662F54C,Rare/Accidental 
282,Black-capped Petrel,Pterodroma hasitata,http://avibase.bsc-eoc.org/species.jsp?avibaseid=DCD73C3AFC4BDD4B,Rare/Accidental 
283,Bulwer's Petrel,Bulweria bulwerii,http://avibase.bsc-eoc.org/species.jsp?avibaseid=058773E4925D5D2E,Rare/Accidental 
284,Cory's Shearwater,Calonectris diomedea,http://avibase.bsc-eoc.org/species.jsp?avibaseid=FF3D837AAC50A0C9,
285,Great Shearwater,Ardenna gravis,http://avibase.bsc-eoc.org/species.jsp?avibaseid=8B879DFA2AFB1481,
286,Sooty Shearwater,Ardenna grisea,http://avibase.bsc-eoc.org/species.jsp?avibaseid=1725B07D51A40D6A,
287,Manx Shearwater,Puffinus puffinus,http://avibase.bsc-eoc.org/species.jsp?avibaseid=5AEDC00231A5201C,
288,Yelkouan Shearwater,Puffinus yelkouan,http://avibase.bsc-eoc.org/species.jsp?avibaseid=FD97EC1E6EB57033,Rare/Accidental 
289,Balearic Shearwater,Puffinus mauretanicus,http://avibase.bsc-eoc.org/species.jsp?avibaseid=42F573C742DA4333,
290,Barolo Shearwater,Puffinus baroli,http://avibase.bsc-eoc.org/species.jsp?avibaseid=5F555FDD48DEAC1C,Rare/Accidental 
291,Black Stork,Ciconia nigra,http://avibase.bsc-eoc.org/species.jsp?avibaseid=E2817DAE1B24B31E,Rare/Accidental 
292,White Stork,Ciconia ciconia,http://avibase.bsc-eoc.org/species.jsp?avibaseid=28825494A08AFE5A,
293,Magnificent Frigatebird,Fregata magnificens,http://avibase.bsc-eoc.org/species.jsp?avibaseid=8AA3B42E976C7B2A,Rare/Accidental 
294,Northern Gannet,Morus bassanus,http://avibase.bsc-eoc.org/species.jsp?avibaseid=534FB490884C6D33,
295,Red-footed Booby,Sula sula,http://avibase.bsc-eoc.org/species.jsp?avibaseid=0A4609D14FC148DF,Rare/Accidental 
296,Brown Booby,Sula leucogaster,http://avibase.bsc-eoc.org/species.jsp?avibaseid=5EC21767FC58DB7D,Rare/Accidental 
297,Masked Booby,Sula dactylatra,http://avibase.bsc-eoc.org/species.jsp?avibaseid=22D1B4A2F0911712,Rare/Accidental 
298,Great Cormorant,Phalacrocorax carbo,http://avibase.bsc-eoc.org/species.jsp?avibaseid=3DF5C587CE3CF1E1,
299,European Shag,Gulosus aristotelis,http://avibase.bsc-eoc.org/species.jsp?avibaseid=CECC7B264A61BD22,
300,Double-crested Cormorant,Nannopterum auritum,http://avibase.bsc-eoc.org/species.jsp?avibaseid=3AC46C54EE4A6251,Rare/Accidental 
301,Great White Pelican,Pelecanus onocrotalus,http://avibase.bsc-eoc.org/species.jsp?avibaseid=8BAFB01E85D7AF4B,Introduced species  
302,Dalmatian Pelican,Pelecanus crispus,http://avibase.bsc-eoc.org/species.jsp?avibaseid=7C6D8BA2AC91D368,Rare/Accidental 
303,Great Bittern,Botaurus stellaris,http://avibase.bsc-eoc.org/species.jsp?avibaseid=0F42F11AC607C758,
304,American Bittern,Botaurus lentiginosus,http://avibase.bsc-eoc.org/species.jsp?avibaseid=13E9F9B48CD5A08A,Rare/Accidental 
305,Least Bittern,Ixobrychus exilis,http://avibase.bsc-eoc.org/species.jsp?avibaseid=0B361ED83051417E,Rare/Accidental 
306,Little Bittern,Ixobrychus minutus,http://avibase.bsc-eoc.org/species.jsp?avibaseid=7AAD57ACA1C4ECA9,Rare/Accidental 
307,Black-crowned Night Heron,Nycticorax nycticorax,http://avibase.bsc-eoc.org/species.jsp?avibaseid=6BB94D7EA4D041A8,Rare/Accidental 
308,Snowy Egret,Egretta thula,http://avibase.bsc-eoc.org/species.jsp?avibaseid=AA7901D88E7203E5,Rare/Accidental 
309,Little Egret,Egretta garzetta,http://avibase.bsc-eoc.org/species.jsp?avibaseid=F2858F9FFB9DFDCF,
310,Striated Heron,Butorides striata,http://avibase.bsc-eoc.org/species.jsp?avibaseid=36DF115BD3E2C1C1,Rare/Accidental 
311,Green Heron,Butorides virescens,http://avibase.bsc-eoc.org/species.jsp?avibaseid=86D45B8F04F61F0E,Rare/Accidental 
312,Squacco Heron,Ardeola ralloides,http://avibase.bsc-eoc.org/species.jsp?avibaseid=CE73EBD7A90E9FCF,Rare/Accidental 
313,Chinese Pond-Heron,Ardeola bacchus,http://avibase.bsc-eoc.org/species.jsp?avibaseid=56292AA80E2251F0,Rare/Accidental 
314,Western Cattle Egret,Bubulcus ibis,http://avibase.bsc-eoc.org/species.jsp?avibaseid=AB1CB2161CDC177A,Rare/Accidental 
315,Great Egret,Ardea alba,http://avibase.bsc-eoc.org/species.jsp?avibaseid=49D9148A171E7F2E,Rare/Accidental 
316,Gray Heron,Ardea cinerea,http://avibase.bsc-eoc.org/species.jsp?avibaseid=6429024DBA7AB672,
317,Great Blue Heron,Ardea herodias,http://avibase.bsc-eoc.org/species.jsp?avibaseid=93694BB5492F7012,Rare/Accidental 
318,Purple Heron,Ardea purpurea,http://avibase.bsc-eoc.org/species.jsp?avibaseid=3395DCF1CE3A8C91,
319,Glossy Ibis,Plegadis falcinellus,http://avibase.bsc-eoc.org/species.jsp?avibaseid=D4540F880A3EC3BB,Rare/Accidental 
320,African Sacred Ibis,Threskiornis aethiopicus,http://avibase.bsc-eoc.org/species.jsp?avibaseid=550DE745B77C8079,Introduced species  
321,Northern Bald Ibis,Geronticus eremita,http://avibase.bsc-eoc.org/species.jsp?avibaseid=B20FECE2231097F4,Introduced species  
322,Eurasian Spoonbill,Platalea leucorodia,http://avibase.bsc-eoc.org/species.jsp?avibaseid=A0A584C1E7D786FE,
323,Osprey,Pandion haliaetus,http://avibase.bsc-eoc.org/species.jsp?avibaseid=1327AC55AA9D579B,
324,Black-winged Kite,Elanus caeruleus,http://avibase.bsc-eoc.org/species.jsp?avibaseid=97C47F3E1BA4129A,Introduced species  
325,Bearded Vulture,Gypaetus barbatus,http://avibase.bsc-eoc.org/species.jsp?avibaseid=81DB7410BE70406B,Rare/Accidental 
326,Egyptian Vulture,Neophron percnopterus,http://avibase.bsc-eoc.org/species.jsp?avibaseid=6D3480A64B4953CE,Rare/Accidental 
327,European Honey-buzzard,Pernis apivorus,http://avibase.bsc-eoc.org/species.jsp?avibaseid=ED5A7E8F6EDBB78E,
328,Cinereous Vulture,Aegypius monachus,http://avibase.bsc-eoc.org/species.jsp?avibaseid=158BDC90F07DF1D2,Introduced species  
329,White-backed Vulture,Gyps africanus,http://avibase.bsc-eoc.org/species.jsp?avibaseid=0419DDC2F668EEE5,Introduced species  
330,RÃ¼ppell's Griffon,Gyps rueppelli,http://avibase.bsc-eoc.org/species.jsp?avibaseid=76B512B1EE9B10EC,Introduced species  
331,Short-toed Snake-Eagle,Circaetus gallicus,http://avibase.bsc-eoc.org/species.jsp?avibaseid=8372FFBAA4080FBB,Rare/Accidental 
332,Greater Spotted Eagle,Clanga clanga,http://avibase.bsc-eoc.org/species.jsp?avibaseid=BAC4CA22EDCC74E7,Rare/Accidental 
333,Booted Eagle,Hieraaetus pennatus,http://avibase.bsc-eoc.org/species.jsp?avibaseid=4B8CC2853542FFED,Introduced species  
334,Golden Eagle,Aquila chrysaetos,http://avibase.bsc-eoc.org/species.jsp?avibaseid=5F8E7CA845BD413F,
335,Western Marsh Harrier,Circus aeruginosus,http://avibase.bsc-eoc.org/species.jsp?avibaseid=E2A19474E62F83E1,
336,Hen Harrier,Circus cyaneus,http://avibase.bsc-eoc.org/species.jsp?avibaseid=F558C7F96E40C134,
337,Northern Harrier,Circus hudsonius,http://avibase.bsc-eoc.org/species.jsp?avibaseid=A091D50AA92D949C,Rare/Accidental 
338,Pallid Harrier,Circus macrourus,http://avibase.bsc-eoc.org/species.jsp?avibaseid=22647E26E5C80F2E,Rare/Accidental 
339,Montagu's Harrier,Circus pygargus,http://avibase.bsc-eoc.org/species.jsp?avibaseid=63B6412E23CC0D93,
340,Eurasian Sparrowhawk,Accipiter nisus,http://avibase.bsc-eoc.org/species.jsp?avibaseid=DB376A66278ED21E,
341,Eurasian Goshawk,Accipiter gentilis,http://avibase.bsc-eoc.org/species.jsp?avibaseid=95DD1855EC896B90,
342,Red Kite,Milvus milvus,http://avibase.bsc-eoc.org/species.jsp?avibaseid=451D6FC8A169D726,
343,Black Kite,Milvus migrans,http://avibase.bsc-eoc.org/species.jsp?avibaseid=06D9A2C8D1E3678A,Rare/Accidental 
344,White-tailed Eagle,Haliaeetus albicilla,http://avibase.bsc-eoc.org/species.jsp?avibaseid=5A3D91D3254A568D,Rare/Accidental 
345,Bald Eagle,Haliaeetus leucocephalus,http://avibase.bsc-eoc.org/species.jsp?avibaseid=FED3756C12CF67FA,Introduced species  
346,Rough-legged Hawk,Buteo lagopus,http://avibase.bsc-eoc.org/species.jsp?avibaseid=90B13ACF984D0DDF,
347,Common Buzzard,Buteo buteo,http://avibase.bsc-eoc.org/species.jsp?avibaseid=3C0C325D1141B36B,
348,Long-legged Buzzard,Buteo rufinus,http://avibase.bsc-eoc.org/species.jsp?avibaseid=CC65921FEBE1BB96,Rare/Accidental 
349,Barn Owl,Tyto alba,http://avibase.bsc-eoc.org/species.jsp?avibaseid=FEE35F4C60D1BBD3,
350,Eurasian Scops-Owl,Otus scops,http://avibase.bsc-eoc.org/species.jsp?avibaseid=2C7AA1546D80617E,Rare/Accidental 
351,Snowy Owl,Bubo scandiacus,http://avibase.bsc-eoc.org/species.jsp?avibaseid=5B23B360E7DEC4A9,Rare/Accidental 
352,Northern Hawk Owl,Surnia ulula,http://avibase.bsc-eoc.org/species.jsp?avibaseid=C2018A5DD8CDB5F5,Rare/Accidental 
353,Little Owl,Athene noctua,http://avibase.bsc-eoc.org/species.jsp?avibaseid=9A7B268C4EF6F803,Introduced species  
354,Tawny Owl,Strix aluco,http://avibase.bsc-eoc.org/species.jsp?avibaseid=37A121744F77C1DB,
355,Long-eared Owl,Asio otus,http://avibase.bsc-eoc.org/species.jsp?avibaseid=FC4D40D2D5CEA6BE,
356,Short-eared Owl,Asio flammeus,http://avibase.bsc-eoc.org/species.jsp?avibaseid=8F123A11E5DADFDD,
357,Boreal Owl,Aegolius funereus,http://avibase.bsc-eoc.org/species.jsp?avibaseid=8AB4EAF6DBFA02CE,Rare/Accidental 
358,Eurasian Hoopoe,Upupa epops,http://avibase.bsc-eoc.org/species.jsp?avibaseid=FA2F91259125A6FA,
359,Common Kingfisher,Alcedo atthis,http://avibase.bsc-eoc.org/species.jsp?avibaseid=9505E03D7416B365,
360,Belted Kingfisher,Megaceryle alcyon,http://avibase.bsc-eoc.org/species.jsp?avibaseid=3558066B4F7EEB8E,Rare/Accidental 
361,Blue-cheeked Bee-eater,Merops persicus,http://avibase.bsc-eoc.org/species.jsp?avibaseid=6EE4511347F342C4,Rare/Accidental 
362,European Bee-eater,Merops apiaster,http://avibase.bsc-eoc.org/species.jsp?avibaseid=66AA3934DBAD18BC,
363,European Roller,Coracias garrulus,http://avibase.bsc-eoc.org/species.jsp?avibaseid=7451A628C39538C5,Rare/Accidental 
364,Eurasian Wryneck,Jynx torquilla,http://avibase.bsc-eoc.org/species.jsp?avibaseid=B2E6AB9FC2608DFA,
365,Yellow-bellied Sapsucker,Sphyrapicus varius,http://avibase.bsc-eoc.org/species.jsp?avibaseid=9BE68BD390E0D2FF,Rare/Accidental 
366,Great Spotted Woodpecker,Dendrocopos major,http://avibase.bsc-eoc.org/species.jsp?avibaseid=D754DB8552A7AA42,
367,Lesser Spotted Woodpecker,Dryobates minor,http://avibase.bsc-eoc.org/species.jsp?avibaseid=AB2F4BC0659B6630,
368,Eurasian Green Woodpecker,Picus viridis,http://avibase.bsc-eoc.org/species.jsp?avibaseid=A01014FF0A909DD8,
369,Lesser Kestrel,Falco naumanni,http://avibase.bsc-eoc.org/species.jsp?avibaseid=BECA271F14F77BEE,Rare/Accidental 
370,Eurasian Kestrel,Falco tinnunculus,http://avibase.bsc-eoc.org/species.jsp?avibaseid=2DAB45B833D396A3,
371,American Kestrel,Falco sparverius,http://avibase.bsc-eoc.org/species.jsp?avibaseid=20C2214E655A79AB,Rare/Accidental 
372,Red-footed Falcon,Falco vespertinus,http://avibase.bsc-eoc.org/species.jsp?avibaseid=997A9437E564FCFE,Rare/Accidental 
373,Amur Falcon,Falco amurensis,http://avibase.bsc-eoc.org/species.jsp?avibaseid=E6137E65202F44F8,Rare/Accidental 
374,Eleonora's Falcon,Falco eleonorae,http://avibase.bsc-eoc.org/species.jsp?avibaseid=9EA1F12D48EB0120,Rare/Accidental 
375,Merlin,Falco columbarius,http://avibase.bsc-eoc.org/species.jsp?avibaseid=F3DA111CC8A6841B,
376,Eurasian Hobby,Falco subbuteo,http://avibase.bsc-eoc.org/species.jsp?avibaseid=E91E287A2946B0C9,
377,Gyrfalcon,Falco rusticolus,http://avibase.bsc-eoc.org/species.jsp?avibaseid=E19252A76FC7845B,Rare/Accidental 
378,Peregrine Falcon,Falco peregrinus,http://avibase.bsc-eoc.org/species.jsp?avibaseid=47E5840880DC9FA8,
379,Rose-ringed Parakeet,Psittacula krameri,http://avibase.bsc-eoc.org/species.jsp?avibaseid=6B1CFC3CFA400D78,Introduced species  
380,Acadian Flycatcher,Empidonax virescens,http://avibase.bsc-eoc.org/species.jsp?avibaseid=2778A3F42BBFEBD5,Rare/Accidental 
381,Alder Flycatcher,Empidonax alnorum,http://avibase.bsc-eoc.org/species.jsp?avibaseid=338088120A17D3EA,Rare/Accidental 
382,Eastern Phoebe,Sayornis phoebe,http://avibase.bsc-eoc.org/species.jsp?avibaseid=62CA2AF81AF5B68D,Rare/Accidental 
383,Yellow-throated Vireo,Vireo flavifrons,http://avibase.bsc-eoc.org/species.jsp?avibaseid=F8DDF6A6429E64D0,Rare/Accidental 
384,Philadelphia Vireo,Vireo philadelphicus,http://avibase.bsc-eoc.org/species.jsp?avibaseid=447A1BA516A43F9A,Rare/Accidental 
385,Red-eyed Vireo,Vireo olivaceus,http://avibase.bsc-eoc.org/species.jsp?avibaseid=847717E2FC283AD8,Rare/Accidental 
386,Eurasian Golden Oriole,Oriolus oriolus,http://avibase.bsc-eoc.org/species.jsp?avibaseid=92A772BBB88868CD,
387,Red-backed Shrike,Lanius collurio,http://avibase.bsc-eoc.org/species.jsp?avibaseid=F2CEFD1A4EA5F608,
388,Red-tailed Shrike,Lanius phoenicuroides,http://avibase.bsc-eoc.org/species.jsp?avibaseid=EE7915A2B3EB856E,Rare/Accidental 
389,Isabelline Shrike,Lanius isabellinus,http://avibase.bsc-eoc.org/species.jsp?avibaseid=97166F728A7D0E91,Rare/Accidental 
390,Brown Shrike,Lanius cristatus,http://avibase.bsc-eoc.org/species.jsp?avibaseid=E4968582E577D9D1,Rare/Accidental 
391,Iberian Gray Shrike,Lanius meridionalis,http://avibase.bsc-eoc.org/species.jsp?avibaseid=EDE09959B80DFDAB,Rare/Accidental 
392,Great Gray Shrike,Lanius excubitor,http://avibase.bsc-eoc.org/species.jsp?avibaseid=DB2501EEBA3D38AA,Rare/Accidental 
393,Lesser Gray Shrike,Lanius minor,http://avibase.bsc-eoc.org/species.jsp?avibaseid=8852337B06E8A14E,Rare/Accidental 
394,Masked Shrike,Lanius nubicus,http://avibase.bsc-eoc.org/species.jsp?avibaseid=E90CC64A3A32FE26,Rare/Accidental 
395,Woodchat Shrike,Lanius senator,http://avibase.bsc-eoc.org/species.jsp?avibaseid=7E70D490A6476D16,
396,Eurasian Jay,Garrulus glandarius,http://avibase.bsc-eoc.org/species.jsp?avibaseid=D8D10F2C5A9AA49F,
397,Eurasian Magpie,Pica pica,http://avibase.bsc-eoc.org/species.jsp?avibaseid=FBBBA943D3AB65E8,
398,Eurasian Nutcracker,Nucifraga caryocatactes,http://avibase.bsc-eoc.org/species.jsp?avibaseid=76C74B102E7F401F,Rare/Accidental 
399,Red-billed Chough,Pyrrhocorax pyrrhocorax,http://avibase.bsc-eoc.org/species.jsp?avibaseid=18D2C42A9AD30CD8,
400,Eurasian Jackdaw,Corvus monedula,http://avibase.bsc-eoc.org/species.jsp?avibaseid=D4C32F8E792B65BA,
401,Rook,Corvus frugilegus,http://avibase.bsc-eoc.org/species.jsp?avibaseid=1078FFEA23D9DD25,
402,Carrion Crow,Corvus corone,http://avibase.bsc-eoc.org/species.jsp?avibaseid=26FB62DAE4262583,
403,Hooded Crow,Corvus cornix,http://avibase.bsc-eoc.org/species.jsp?avibaseid=F13D8350405F3C10,
404,Pied Crow,Corvus albus,http://avibase.bsc-eoc.org/species.jsp?avibaseid=34D538E14AA16E13,Introduced species  
405,Common Raven,Corvus corax,http://avibase.bsc-eoc.org/species.jsp?avibaseid=B9B272F40EE1570F,
406,Coal Tit,Periparus ater,http://avibase.bsc-eoc.org/species.jsp?avibaseid=166CD4402D4A416B,
407,Crested Tit,Lophophanes cristatus,http://avibase.bsc-eoc.org/species.jsp?avibaseid=E553193354C74B21,
408,Marsh Tit,Poecile palustris,http://avibase.bsc-eoc.org/species.jsp?avibaseid=523763E55D4A8153,
409,Willow Tit,Poecile montanus,http://avibase.bsc-eoc.org/species.jsp?avibaseid=F963401E5AFA01DC,
410,Eurasian Blue Tit,Cyanistes caeruleus,http://avibase.bsc-eoc.org/species.jsp?avibaseid=9BE53D340F9A4305,
411,Great Tit,Parus major,http://avibase.bsc-eoc.org/species.jsp?avibaseid=E15BC0CB3DEAA621,
412,Eurasian Penduline-Tit,Remiz pendulinus,http://avibase.bsc-eoc.org/species.jsp?avibaseid=F81EB04951AA84BB,Rare/Accidental 
413,Horned Lark,Eremophila alpestris,http://avibase.bsc-eoc.org/species.jsp?avibaseid=FC0A1D951186B019,
414,Greater Short-toed Lark,Calandrella brachydactyla,http://avibase.bsc-eoc.org/species.jsp?avibaseid=4091A51E0603BAF2,
415,Bimaculated Lark,Melanocorypha bimaculata,http://avibase.bsc-eoc.org/species.jsp?avibaseid=367807919B4EA167,Rare/Accidental 
416,Calandra Lark,Melanocorypha calandra,http://avibase.bsc-eoc.org/species.jsp?avibaseid=BDC24A8AA8A51BF9,Rare/Accidental 
417,Black Lark,Melanocorypha yeltoniensis,http://avibase.bsc-eoc.org/species.jsp?avibaseid=811FC71929CD3B00,Rare/Accidental 
418,Wood Lark,Lullula arborea,http://avibase.bsc-eoc.org/species.jsp?avibaseid=742EC2F1CA97F56C,
419,White-winged Lark,Alauda leucoptera,http://avibase.bsc-eoc.org/species.jsp?avibaseid=400B3679BCB80EDB,Rare/Accidental 
420,Eurasian Skylark,Alauda arvensis,http://avibase.bsc-eoc.org/species.jsp?avibaseid=ED2AC04E888EF9CF,
421,Crested Lark,Galerida cristata,http://avibase.bsc-eoc.org/species.jsp?avibaseid=21ADC3ED8E24C1C9,Rare/Accidental 
422,Bearded Reedling,Panurus biarmicus,http://avibase.bsc-eoc.org/species.jsp?avibaseid=7D59F91D9548DCE7,
423,Zitting Cisticola,Cisticola juncidis,http://avibase.bsc-eoc.org/species.jsp?avibaseid=AEE2063F66AE0C70,Rare/Accidental 
424,Booted Warbler,Iduna caligata,http://avibase.bsc-eoc.org/species.jsp?avibaseid=1A6C6F1718FEDB5D,Rare/Accidental 
425,Sykes's Warbler,Iduna rama,http://avibase.bsc-eoc.org/species.jsp?avibaseid=A8242804046F8F14,Rare/Accidental 
426,Eastern Olivaceous Warbler,Iduna pallida,http://avibase.bsc-eoc.org/species.jsp?avibaseid=BAE527A2F70F6241,Rare/Accidental 
427,Melodious Warbler,Hippolais polyglotta,http://avibase.bsc-eoc.org/species.jsp?avibaseid=DCDD1BCA24E978F5,
428,Icterine Warbler,Hippolais icterina,http://avibase.bsc-eoc.org/species.jsp?avibaseid=869C978C8E5840C8,
429,Aquatic Warbler,Acrocephalus paludicola,http://avibase.bsc-eoc.org/species.jsp?avibaseid=C15141A60961F8BC,
430,Sedge Warbler,Acrocephalus schoenobaenus,http://avibase.bsc-eoc.org/species.jsp?avibaseid=FED5AED5C59A00B6,
431,Paddyfield Warbler,Acrocephalus agricola,http://avibase.bsc-eoc.org/species.jsp?avibaseid=781FE53F2425B4C1,Rare/Accidental 
432,Blyth's Reed Warbler,Acrocephalus dumetorum,http://avibase.bsc-eoc.org/species.jsp?avibaseid=B22EAFC877C38967,Rare/Accidental 
433,Marsh Warbler,Acrocephalus palustris,http://avibase.bsc-eoc.org/species.jsp?avibaseid=B675E006C3745A12,
434,Common Reed Warbler,Acrocephalus scirpaceus,http://avibase.bsc-eoc.org/species.jsp?avibaseid=3F0EE4749050AA59,
435,Great Reed Warbler,Acrocephalus arundinaceus,http://avibase.bsc-eoc.org/species.jsp?avibaseid=B283E33243C17D97,Rare/Accidental 
436,Pallas's Grasshopper Warbler,Helopsaltes certhiola,http://avibase.bsc-eoc.org/species.jsp?avibaseid=4C3CF429E3FEFBA2,Rare/Accidental 
437,Lanceolated Warbler,Locustella lanceolata,http://avibase.bsc-eoc.org/species.jsp?avibaseid=10A37318BC10CA74,Rare/Accidental 
438,River Warbler,Locustella fluviatilis,http://avibase.bsc-eoc.org/species.jsp?avibaseid=2B020CA0ACF13B19,Rare/Accidental 
439,Savi's Warbler,Locustella luscinioides,http://avibase.bsc-eoc.org/species.jsp?avibaseid=2D46BB9888C846D0,Rare/Accidental 
440,Common Grasshopper Warbler,Locustella naevia,http://avibase.bsc-eoc.org/species.jsp?avibaseid=BC0E4C9F87721B1A,
441,Bank Swallow,Riparia riparia,http://avibase.bsc-eoc.org/species.jsp?avibaseid=94A1C447583CB6D2,
442,Tree Swallow,Tachycineta bicolor,http://avibase.bsc-eoc.org/species.jsp?avibaseid=BBA2F9DF60AE60BF,Rare/Accidental 
443,Eurasian Crag-Martin,Ptyonoprogne rupestris,http://avibase.bsc-eoc.org/species.jsp?avibaseid=6F2AF9D09463566F,Rare/Accidental 
444,Barn Swallow,Hirundo rustica,http://avibase.bsc-eoc.org/species.jsp?avibaseid=58C502EA7AF3E023,
445,Western House-Martin,Delichon urbicum,http://avibase.bsc-eoc.org/species.jsp?avibaseid=30FEC6BE132E1224,
446,Asian House-Martin,Delichon dasypus,http://avibase.bsc-eoc.org/species.jsp?avibaseid=15FD41232BC5127D,Rare/Accidental 
447,Red-rumped Swallow,Cecropis daurica,http://avibase.bsc-eoc.org/species.jsp?avibaseid=F72A871F987F8499,Rare/Accidental 
448,Cliff Swallow,Petrochelidon pyrrhonota,http://avibase.bsc-eoc.org/species.jsp?avibaseid=F5C181CA4478FD86,Rare/Accidental 
449,Wood Warbler,Phylloscopus sibilatrix,http://avibase.bsc-eoc.org/species.jsp?avibaseid=572C4C7FD4322D14,
450,Western Bonelli's Warbler,Phylloscopus bonelli,http://avibase.bsc-eoc.org/species.jsp?avibaseid=C00674ED5FC9DB8A,Rare/Accidental 
451,Eastern Bonelli's Warbler,Phylloscopus orientalis,http://avibase.bsc-eoc.org/species.jsp?avibaseid=666F9FC9350991FD,Rare/Accidental 
452,Yellow-browed Warbler,Phylloscopus inornatus,http://avibase.bsc-eoc.org/species.jsp?avibaseid=0C120038E5CA37D7,
453,Hume's Warbler,Phylloscopus humei,http://avibase.bsc-eoc.org/species.jsp?avibaseid=BC391A830AD8EF0E,Rare/Accidental 
454,Pallas's Leaf Warbler,Phylloscopus proregulus,http://avibase.bsc-eoc.org/species.jsp?avibaseid=943E36CADFE7551B,
455,Radde's Warbler,Phylloscopus schwarzi,http://avibase.bsc-eoc.org/species.jsp?avibaseid=9A536399807238AF,Rare/Accidental 
456,Sulphur-bellied Warbler,Phylloscopus griseolus,http://avibase.bsc-eoc.org/species.jsp?avibaseid=37DD095F45E0F5CA,Rare/Accidental 
457,Dusky Warbler,Phylloscopus fuscatus,http://avibase.bsc-eoc.org/species.jsp?avibaseid=96819591FD94B905,Rare/Accidental 
458,Willow Warbler,Phylloscopus trochilus,http://avibase.bsc-eoc.org/species.jsp?avibaseid=88F4B969622B8268,
459,Common Chiffchaff,Phylloscopus collybita,http://avibase.bsc-eoc.org/species.jsp?avibaseid=F9F4B04D08108B41,
460,Iberian Chiffchaff,Phylloscopus ibericus,http://avibase.bsc-eoc.org/species.jsp?avibaseid=12EE678EE03BDFB2,Rare/Accidental 
461,Eastern Crowned Warbler,Phylloscopus coronatus,http://avibase.bsc-eoc.org/species.jsp?avibaseid=2D272F5A53B5B83E,Rare/Accidental 
462,Green Warbler,Phylloscopus nitidus,http://avibase.bsc-eoc.org/species.jsp?avibaseid=3542C46BC98FB367,Rare/Accidental 
463,Greenish Warbler,Phylloscopus trochiloides,http://avibase.bsc-eoc.org/species.jsp?avibaseid=23EF1BD9DE02E680,Rare/Accidental 
464,Two-barred Warbler,Phylloscopus plumbeitarsus,http://avibase.bsc-eoc.org/species.jsp?avibaseid=38C788AE632E48DF,Rare/Accidental 
465,Pale-legged Leaf Warbler,Phylloscopus tenellipes,http://avibase.bsc-eoc.org/species.jsp?avibaseid=D0FA238555FF712A,Rare/Accidental 
466,Arctic Warbler,Phylloscopus borealis,http://avibase.bsc-eoc.org/species.jsp?avibaseid=ECFC7E6C1A57A7BE,Rare/Accidental 
467,Cetti's Warbler,Cettia cetti,http://avibase.bsc-eoc.org/species.jsp?avibaseid=F3E9CE954FAF5EF5,
468,Long-tailed Tit,Aegithalos caudatus,http://avibase.bsc-eoc.org/species.jsp?avibaseid=547163C22167E31B,
469,Eurasian Blackcap,Sylvia atricapilla,http://avibase.bsc-eoc.org/species.jsp?avibaseid=61F9065BE0965E1A,
470,Garden Warbler,Sylvia borin,http://avibase.bsc-eoc.org/species.jsp?avibaseid=A6A4FC63261EA8CD,
471,Barred Warbler,Curruca nisoria,http://avibase.bsc-eoc.org/species.jsp?avibaseid=1EA60B94FAFE0C5C,
472,Lesser Whitethroat,Curruca curruca,http://avibase.bsc-eoc.org/species.jsp?avibaseid=0DCD05BE8EE35C8D,
473,Western Orphean Warbler,Curruca hortensis,http://avibase.bsc-eoc.org/species.jsp?avibaseid=95E7E0E5E3481A63,Rare/Accidental 
474,Eastern Orphean Warbler,Curruca crassirostris,http://avibase.bsc-eoc.org/species.jsp?avibaseid=37015E6154731355,Rare/Accidental 
475,Asian Desert Warbler,Curruca nana,http://avibase.bsc-eoc.org/species.jsp?avibaseid=58F3D3E544D9755B,Rare/Accidental 
476,RÃ¼ppell's Warbler,Curruca ruppeli,http://avibase.bsc-eoc.org/species.jsp?avibaseid=A1B09A861B190E01,Rare/Accidental 
477,Sardinian Warbler,Curruca melanocephala,http://avibase.bsc-eoc.org/species.jsp?avibaseid=B0D094830E71F76A,Rare/Accidental 
478,Moltoni's Warbler,Curruca subalpina,http://avibase.bsc-eoc.org/species.jsp?avibaseid=3FC15B0694A20507,Rare/Accidental 
479,Western Subalpine Warbler,Curruca iberiae,http://avibase.bsc-eoc.org/species.jsp?avibaseid=62A53820623A8F3E,Rare/Accidental 
480,Eastern Subalpine Warbler,Curruca cantillans,http://avibase.bsc-eoc.org/species.jsp?avibaseid=B13D68B156442119,Rare/Accidental 
481,Greater Whitethroat,Curruca communis,http://avibase.bsc-eoc.org/species.jsp?avibaseid=14AFBA82D556918C,
482,Spectacled Warbler,Curruca conspicillata,http://avibase.bsc-eoc.org/species.jsp?avibaseid=BFECF5F8F49E2869,Rare/Accidental 
483,Marmora's Warbler,Curruca sarda,http://avibase.bsc-eoc.org/species.jsp?avibaseid=6E1206E4FC70EB9E,Rare/Accidental 
484,Dartford Warbler,Curruca undata,http://avibase.bsc-eoc.org/species.jsp?avibaseid=85629EF4042C9DBB,
485,Goldcrest,Regulus regulus,http://avibase.bsc-eoc.org/species.jsp?avibaseid=1C51C1095E427BB8,
486,Common Firecrest,Regulus ignicapilla,http://avibase.bsc-eoc.org/species.jsp?avibaseid=85B03849153146D8,
487,Wallcreeper,Tichodroma muraria,http://avibase.bsc-eoc.org/species.jsp?avibaseid=89C425901C5B5343,Rare/Accidental 
488,Red-breasted Nuthatch,Sitta canadensis,http://avibase.bsc-eoc.org/species.jsp?avibaseid=0716A71C439DC09E,Rare/Accidental 
489,Eurasian Nuthatch,Sitta europaea,http://avibase.bsc-eoc.org/species.jsp?avibaseid=9C2B53A087F44E10,
490,Eurasian Treecreeper,Certhia familiaris,http://avibase.bsc-eoc.org/species.jsp?avibaseid=73BE9A87F6A32D6A,
491,Short-toed Treecreeper,Certhia brachydactyla,http://avibase.bsc-eoc.org/species.jsp?avibaseid=552E2BA9FE43A2EE,Rare/Accidental 
492,Eurasian Wren,Troglodytes troglodytes,http://avibase.bsc-eoc.org/species.jsp?avibaseid=AF700208E4339572,
493,White-throated Dipper,Cinclus cinclus,http://avibase.bsc-eoc.org/species.jsp?avibaseid=FDECE3B9278A17EC,
494,European Starling,Sturnus vulgaris,http://avibase.bsc-eoc.org/species.jsp?avibaseid=94A4403295E2D9BE,
495,Rosy Starling,Pastor roseus,http://avibase.bsc-eoc.org/species.jsp?avibaseid=24208346AD77666E,Rare/Accidental 
496,Daurian Starling,Agropsar sturninus,http://avibase.bsc-eoc.org/species.jsp?avibaseid=2FC5C3978171719C,Introduced species  
497,Gray Catbird,Dumetella carolinensis,http://avibase.bsc-eoc.org/species.jsp?avibaseid=95B77F083F49835F,Rare/Accidental 
498,Brown Thrasher,Toxostoma rufum,http://avibase.bsc-eoc.org/species.jsp?avibaseid=C8F9F2D013E9D057,Rare/Accidental 
499,Northern Mockingbird,Mimus polyglottos,http://avibase.bsc-eoc.org/species.jsp?avibaseid=7EFF698DC564CF69,Rare/Accidental 
500,White's Thrush,Zoothera aurea,http://avibase.bsc-eoc.org/species.jsp?avibaseid=8E267A2656A555F5,Rare/Accidental 
501,Scaly Thrush,Zoothera dauma,http://avibase.bsc-eoc.org/species.jsp?avibaseid=F58200CE40A4720C,Rare/Accidental 
502,Varied Thrush,Ixoreus naevius,http://avibase.bsc-eoc.org/species.jsp?avibaseid=583128734B0F566A,Rare/Accidental 
503,Veery,Catharus fuscescens,http://avibase.bsc-eoc.org/species.jsp?avibaseid=0B8F4EE60AFF4B25,Rare/Accidental 
504,Gray-cheeked Thrush,Catharus minimus,http://avibase.bsc-eoc.org/species.jsp?avibaseid=B904BB227C07317E,Rare/Accidental 
505,Swainson's Thrush,Catharus ustulatus,http://avibase.bsc-eoc.org/species.jsp?avibaseid=E53FC25C090A6AD8,Rare/Accidental 
506,Hermit Thrush,Catharus guttatus,http://avibase.bsc-eoc.org/species.jsp?avibaseid=B01E8BD42E1785F2,Rare/Accidental 
507,Wood Thrush,Hylocichla mustelina,http://avibase.bsc-eoc.org/species.jsp?avibaseid=8E1D9327B8DAFD54,Rare/Accidental 
508,Siberian Thrush,Geokichla sibirica,http://avibase.bsc-eoc.org/species.jsp?avibaseid=E7163B81013F6CCC,Rare/Accidental 
509,Mistle Thrush,Turdus viscivorus,http://avibase.bsc-eoc.org/species.jsp?avibaseid=A95B43F1E9D10296,
510,Song Thrush,Turdus philomelos,http://avibase.bsc-eoc.org/species.jsp?avibaseid=D929EB214A698282,
511,Redwing,Turdus iliacus,http://avibase.bsc-eoc.org/species.jsp?avibaseid=A8A85BCF1AFB7BBD,
512,Eurasian Blackbird,Turdus merula,http://avibase.bsc-eoc.org/species.jsp?avibaseid=88BB4F2A0C8492A5,
513,American Robin,Turdus migratorius,http://avibase.bsc-eoc.org/species.jsp?avibaseid=D77E4B418D581FB2,Rare/Accidental 
514,Eyebrowed Thrush,Turdus obscurus,http://avibase.bsc-eoc.org/species.jsp?avibaseid=6E24CCD187765B9A,Rare/Accidental 
515,Fieldfare,Turdus pilaris,http://avibase.bsc-eoc.org/species.jsp?avibaseid=D120D5A070E8123C,
516,Ring Ouzel,Turdus torquatus,http://avibase.bsc-eoc.org/species.jsp?avibaseid=CE71B4FF837F276A,
517,Black-throated Thrush,Turdus atrogularis,http://avibase.bsc-eoc.org/species.jsp?avibaseid=AECDBFFA55C87E24,
518,Red-throated Thrush,Turdus ruficollis,http://avibase.bsc-eoc.org/species.jsp?avibaseid=77B6BACB4F619FBB,Rare/Accidental 
519,Dusky Thrush,Turdus eunomus,http://avibase.bsc-eoc.org/species.jsp?avibaseid=E3B6927817B7ABB4,Rare/Accidental 
520,Naumann's Thrush,Turdus naumanni,http://avibase.bsc-eoc.org/species.jsp?avibaseid=22761AD4A981E2F6,Rare/Accidental 
521,Asian Brown Flycatcher,Muscicapa dauurica,http://avibase.bsc-eoc.org/species.jsp?avibaseid=585D0B1ACD00B47F,Introduced species  
522,Spotted Flycatcher,Muscicapa striata,http://avibase.bsc-eoc.org/species.jsp?avibaseid=EE8206E703914D22,
523,Rufous-tailed Scrub-Robin,Cercotrichas galactotes,http://avibase.bsc-eoc.org/species.jsp?avibaseid=B68BD0D25647A5D2,Rare/Accidental 
524,European Robin,Erithacus rubecula,http://avibase.bsc-eoc.org/species.jsp?avibaseid=C809B2B90399A43D,
525,Rufous-tailed Robin,Larvivora sibilans,http://avibase.bsc-eoc.org/species.jsp?avibaseid=9C05639866AC8592,Rare/Accidental 
526,Siberian Blue Robin,Larvivora cyane,http://avibase.bsc-eoc.org/species.jsp?avibaseid=A8AA7E198F39BFB4,Rare/Accidental 
527,White-throated Robin,Irania gutturalis,http://avibase.bsc-eoc.org/species.jsp?avibaseid=73BD4B293448BBD5,Rare/Accidental 
528,Thrush Nightingale,Luscinia luscinia,http://avibase.bsc-eoc.org/species.jsp?avibaseid=6EC667529FB53E43,Rare/Accidental 
529,Common Nightingale,Luscinia megarhynchos,http://avibase.bsc-eoc.org/species.jsp?avibaseid=7C7F0DEE5B364038,
530,Bluethroat,Luscinia svecica,http://avibase.bsc-eoc.org/species.jsp?avibaseid=AFD6FD811AA7D6A7,
531,Siberian Rubythroat,Calliope calliope,http://avibase.bsc-eoc.org/species.jsp?avibaseid=786B0F98D1EE4C54,Rare/Accidental 
532,Red-flanked Bluetail,Tarsiger cyanurus,http://avibase.bsc-eoc.org/species.jsp?avibaseid=9F2611E8CB30A09E,Rare/Accidental 
533,Mugimaki Flycatcher,Ficedula mugimaki,http://avibase.bsc-eoc.org/species.jsp?avibaseid=0557B8E5492F35F2,Introduced species  
534,Taiga Flycatcher,Ficedula albicilla,http://avibase.bsc-eoc.org/species.jsp?avibaseid=99985173A619C8F2,Rare/Accidental 
535,Red-breasted Flycatcher,Ficedula parva,http://avibase.bsc-eoc.org/species.jsp?avibaseid=6A3CA06B2496B003,
536,European Pied Flycatcher,Ficedula hypoleuca,http://avibase.bsc-eoc.org/species.jsp?avibaseid=6E352E1870A195B7,
537,Atlas Flycatcher,Ficedula speculigera,http://avibase.bsc-eoc.org/species.jsp?avibaseid=CD1B215680AA1E68,Rare/Accidental 
538,Collared Flycatcher,Ficedula albicollis,http://avibase.bsc-eoc.org/species.jsp?avibaseid=0B2F80584ED0F07E,Rare/Accidental 
539,Common Redstart,Phoenicurus phoenicurus,http://avibase.bsc-eoc.org/species.jsp?avibaseid=06DD9D954313582E,
540,Black Redstart,Phoenicurus ochruros,http://avibase.bsc-eoc.org/species.jsp?avibaseid=612B5C244E272075,
541,Rufous-tailed Rock-Thrush,Monticola saxatilis,http://avibase.bsc-eoc.org/species.jsp?avibaseid=736D38E7F9967842,Rare/Accidental 
542,Blue Rock-Thrush,Monticola solitarius,http://avibase.bsc-eoc.org/species.jsp?avibaseid=41D76F4B19ACB4BD,Rare/Accidental 
543,Whinchat,Saxicola rubetra,http://avibase.bsc-eoc.org/species.jsp?avibaseid=A0EDAEA2E89A9A96,
544,European Stonechat,Saxicola rubicola,http://avibase.bsc-eoc.org/species.jsp?avibaseid=0EA8F8B905405FB3,
545,Siberian Stonechat,Saxicola maurus,http://avibase.bsc-eoc.org/species.jsp?avibaseid=DB645AF550561B05,Rare/Accidental 
546,Amur Stonechat,Saxicola stejnegeri,http://avibase.bsc-eoc.org/species.jsp?avibaseid=80216E854A9890D8,Rare/Accidental 
547,Northern Wheatear,Oenanthe oenanthe,http://avibase.bsc-eoc.org/species.jsp?avibaseid=DF526047637004DD,
548,Isabelline Wheatear,Oenanthe isabellina,http://avibase.bsc-eoc.org/species.jsp?avibaseid=E6C6F74630B2257B,Rare/Accidental 
549,Desert Wheatear,Oenanthe deserti,http://avibase.bsc-eoc.org/species.jsp?avibaseid=078BC0ED34F512AE,Rare/Accidental 
550,Western Black-eared Wheatear,Oenanthe hispanica,http://avibase.bsc-eoc.org/species.jsp?avibaseid=CBB941834F230C88,Rare/Accidental 
551,Eastern Black-eared Wheatear,Oenanthe melanoleuca,http://avibase.bsc-eoc.org/species.jsp?avibaseid=DF26171F72EF3655,Rare/Accidental 
552,Pied Wheatear,Oenanthe pleschanka,http://avibase.bsc-eoc.org/species.jsp?avibaseid=2FB34D83F74FCEAB,Rare/Accidental 
553,White-crowned Wheatear,Oenanthe leucopyga,http://avibase.bsc-eoc.org/species.jsp?avibaseid=CAFA98EEE7F9CD86,Rare/Accidental 
554,Bohemian Waxwing,Bombycilla garrulus,http://avibase.bsc-eoc.org/species.jsp?avibaseid=AEF821EC4625150E,
555,Cedar Waxwing,Bombycilla cedrorum,http://avibase.bsc-eoc.org/species.jsp?avibaseid=9437D635FF4E2607,Rare/Accidental 
556,Alpine Accentor,Prunella collaris,http://avibase.bsc-eoc.org/species.jsp?avibaseid=A783468FC167312E,Rare/Accidental 
557,Siberian Accentor,Prunella montanella,http://avibase.bsc-eoc.org/species.jsp?avibaseid=D32200407D81F285,Rare/Accidental 
558,Dunnock,Prunella modularis,http://avibase.bsc-eoc.org/species.jsp?avibaseid=26530C865C4A655C,
559,House Sparrow,Passer domesticus,http://avibase.bsc-eoc.org/species.jsp?avibaseid=240E33900CE34D44,
560,Italian Sparrow,Passer italiae,http://avibase.bsc-eoc.org/species.jsp?avibaseid=3718C3F9FDA2A7FB,Rare/Accidental 
561,Spanish Sparrow,Passer hispaniolensis,http://avibase.bsc-eoc.org/species.jsp?avibaseid=5A8E09A18B86D140,Rare/Accidental 
562,Eurasian Tree Sparrow,Passer montanus,http://avibase.bsc-eoc.org/species.jsp?avibaseid=C22FBF8D36F91BCA,
563,Rock Sparrow,Petronia petronia,http://avibase.bsc-eoc.org/species.jsp?avibaseid=F8748F12A35515B1,Rare/Accidental 
564,Gray Wagtail,Motacilla cinerea,http://avibase.bsc-eoc.org/species.jsp?avibaseid=AE073221679039C2,
565,Western Yellow Wagtail,Motacilla flava,http://avibase.bsc-eoc.org/species.jsp?avibaseid=5983D6776C4C4F85,
566,Eastern Yellow Wagtail,Motacilla tschutschensis,http://avibase.bsc-eoc.org/species.jsp?avibaseid=5487B6500F6BCF90,Rare/Accidental 
567,Citrine Wagtail,Motacilla citreola,http://avibase.bsc-eoc.org/species.jsp?avibaseid=5B0295C122B63ED3,Rare/Accidental 
568,White Wagtail,Motacilla alba,http://avibase.bsc-eoc.org/species.jsp?avibaseid=400E032C4624AA36,
569,Richard's Pipit,Anthus richardi,http://avibase.bsc-eoc.org/species.jsp?avibaseid=41ECD10E24E8772D,
570,Paddyfield Pipit,Anthus rufulus,http://avibase.bsc-eoc.org/species.jsp?avibaseid=57A0C80B2C7FBDE1,Rare/Accidental 
571,Blyth's Pipit,Anthus godlewskii,http://avibase.bsc-eoc.org/species.jsp?avibaseid=9F65782F19136F06,Rare/Accidental 
572,Tawny Pipit,Anthus campestris,http://avibase.bsc-eoc.org/species.jsp?avibaseid=250CDA5828B68D0A,
573,Meadow Pipit,Anthus pratensis,http://avibase.bsc-eoc.org/species.jsp?avibaseid=14873249B607CEB1,
574,Tree Pipit,Anthus trivialis,http://avibase.bsc-eoc.org/species.jsp?avibaseid=365F5E975B414FE6,
575,Olive-backed Pipit,Anthus hodgsoni,http://avibase.bsc-eoc.org/species.jsp?avibaseid=25F7AF6531AEED37,Rare/Accidental 
576,Pechora Pipit,Anthus gustavi,http://avibase.bsc-eoc.org/species.jsp?avibaseid=9DC4CC5470034A96,Rare/Accidental 
577,Red-throated Pipit,Anthus cervinus,http://avibase.bsc-eoc.org/species.jsp?avibaseid=319D044A667563CD,Rare/Accidental 
578,Water Pipit,Anthus spinoletta,http://avibase.bsc-eoc.org/species.jsp?avibaseid=0A3FA18502F4FC70,
579,Rock Pipit,Anthus petrosus,http://avibase.bsc-eoc.org/species.jsp?avibaseid=E1CBB1C259093F06,
580,American Pipit,Anthus rubescens,http://avibase.bsc-eoc.org/species.jsp?avibaseid=8F26868274C1EE0A,Rare/Accidental 
581,Common Chaffinch,Fringilla coelebs,http://avibase.bsc-eoc.org/species.jsp?avibaseid=6364E4A53B9D5D99,
582,Brambling,Fringilla montifringilla,http://avibase.bsc-eoc.org/species.jsp?avibaseid=E16B2C0328E05DC5,
583,Hawfinch,Coccothraustes coccothraustes,http://avibase.bsc-eoc.org/species.jsp?avibaseid=84E1F1149261F19E,
584,Common Rosefinch,Carpodacus erythrinus,http://avibase.bsc-eoc.org/species.jsp?avibaseid=3A713345F43AFFA6,
585,Pine Grosbeak,Pinicola enucleator,http://avibase.bsc-eoc.org/species.jsp?avibaseid=83AC4DAD94AFC411,Rare/Accidental 
586,Eurasian Bullfinch,Pyrrhula pyrrhula,http://avibase.bsc-eoc.org/species.jsp?avibaseid=24764DC7AD26E5F7,
587,Trumpeter Finch,Bucanetes githagineus,http://avibase.bsc-eoc.org/species.jsp?avibaseid=8049F70788740F8F,Rare/Accidental 
588,European Greenfinch,Chloris chloris,http://avibase.bsc-eoc.org/species.jsp?avibaseid=65BD2033E2A722C8,
589,Twite,Linaria flavirostris,http://avibase.bsc-eoc.org/species.jsp?avibaseid=6CD4E38EB75CA3A0,
590,Eurasian Linnet,Linaria cannabina,http://avibase.bsc-eoc.org/species.jsp?avibaseid=32635892A4EB874F,
591,Common Redpoll,Acanthis flammea,http://avibase.bsc-eoc.org/species.jsp?avibaseid=A2BB98A9A61F777B,
592,Lesser Redpoll,Acanthis cabaret,http://avibase.bsc-eoc.org/species.jsp?avibaseid=D41F16148782AF8F,
593,Hoary Redpoll,Acanthis hornemanni,http://avibase.bsc-eoc.org/species.jsp?avibaseid=D23A3F75CCD56E6B,Rare/Accidental 
594,Parrot Crossbill,Loxia pytyopsittacus,http://avibase.bsc-eoc.org/species.jsp?avibaseid=CAAD3E23531C26C5,Rare/Accidental 
595,Red Crossbill,Loxia curvirostra,http://avibase.bsc-eoc.org/species.jsp?avibaseid=135564AAF6B01DA2,
596,White-winged Crossbill,Loxia leucoptera,http://avibase.bsc-eoc.org/species.jsp?avibaseid=80C297E6B82452E7,Rare/Accidental 
597,European Goldfinch,Carduelis carduelis,http://avibase.bsc-eoc.org/species.jsp?avibaseid=1B235E0052ACC519,
598,Citril Finch,Carduelis citrinella,http://avibase.bsc-eoc.org/species.jsp?avibaseid=039E0011AA4F1420,Rare/Accidental 
599,European Serin,Serinus serinus,http://avibase.bsc-eoc.org/species.jsp?avibaseid=C3227709455B9AFF,
600,Cape Canary,Serinus canicollis,http://avibase.bsc-eoc.org/species.jsp?avibaseid=E6C3FA67AA9A41D5,Rare/Accidental 
601,Eurasian Siskin,Spinus spinus,http://avibase.bsc-eoc.org/species.jsp?avibaseid=9820CECA12EC737D,
602,Lapland Longspur,Calcarius lapponicus,http://avibase.bsc-eoc.org/species.jsp?avibaseid=3534E4CEBACCB166,
603,Snow Bunting,Plectrophenax nivalis,http://avibase.bsc-eoc.org/species.jsp?avibaseid=9BEBC02505B416EE,
604,Black-headed Bunting,Emberiza melanocephala,http://avibase.bsc-eoc.org/species.jsp?avibaseid=E2D2CB88A9D95E42,Rare/Accidental 
605,Red-headed Bunting,Emberiza bruniceps,http://avibase.bsc-eoc.org/species.jsp?avibaseid=DBF8D184AA08A548,Rare/Accidental 
606,Corn Bunting,Emberiza calandra,http://avibase.bsc-eoc.org/species.jsp?avibaseid=9A87EBB0B75C410B,
607,Chestnut-eared Bunting,Emberiza fucata,http://avibase.bsc-eoc.org/species.jsp?avibaseid=465C35EFDEEDEFDC,Rare/Accidental 
608,Rock Bunting,Emberiza cia,http://avibase.bsc-eoc.org/species.jsp?avibaseid=4836E64E80D5A372,Rare/Accidental 
609,Cirl Bunting,Emberiza cirlus,http://avibase.bsc-eoc.org/species.jsp?avibaseid=9AAB8C2174EFDF60,
610,Yellowhammer,Emberiza citrinella,http://avibase.bsc-eoc.org/species.jsp?avibaseid=56FB47C05CB7275F,
611,Pine Bunting,Emberiza leucocephalos,http://avibase.bsc-eoc.org/species.jsp?avibaseid=43EF3EA79A531279,Rare/Accidental 
612,Ortolan Bunting,Emberiza hortulana,http://avibase.bsc-eoc.org/species.jsp?avibaseid=4721056132879EB7,
613,Cretzschmar's Bunting,Emberiza caesia,http://avibase.bsc-eoc.org/species.jsp?avibaseid=A7F3E6AE9A1929F9,Rare/Accidental 
614,Pallas's Bunting,Emberiza pallasi,http://avibase.bsc-eoc.org/species.jsp?avibaseid=C6D6D547670FE661,Rare/Accidental 
615,Reed Bunting,Emberiza schoeniclus,http://avibase.bsc-eoc.org/species.jsp?avibaseid=C0B9787440316E20,
616,Yellow-breasted Bunting,Emberiza aureola,http://avibase.bsc-eoc.org/species.jsp?avibaseid=7574C0E53A34CCFD,Rare/Accidental 
617,Little Bunting,Emberiza pusilla,http://avibase.bsc-eoc.org/species.jsp?avibaseid=1866F80E52F4075F,
618,Rustic Bunting,Emberiza rustica,http://avibase.bsc-eoc.org/species.jsp?avibaseid=DA9746CEC82D30A3,Rare/Accidental 
619,Black-faced Bunting,Emberiza spodocephala,http://avibase.bsc-eoc.org/species.jsp?avibaseid=9787BE57A273F64A,Rare/Accidental 
620,Chestnut Bunting,Emberiza rutila,http://avibase.bsc-eoc.org/species.jsp?avibaseid=ACDCF3CC14945335,Introduced species  
621,Yellow-browed Bunting,Emberiza chrysophrys,http://avibase.bsc-eoc.org/species.jsp?avibaseid=4A50E26530277C6D,Rare/Accidental 
622,Lark Sparrow,Chondestes grammacus,http://avibase.bsc-eoc.org/species.jsp?avibaseid=78509A5D6015C509,Rare/Accidental 
623,Fox Sparrow,Passerella iliaca,http://avibase.bsc-eoc.org/species.jsp?avibaseid=3A7B1F59DE8F597D,Rare/Accidental 
624,Dark-eyed Junco,Junco hyemalis,http://avibase.bsc-eoc.org/species.jsp?avibaseid=05FF3C9B3C854D53,Rare/Accidental 
625,White-crowned Sparrow,Zonotrichia leucophrys,http://avibase.bsc-eoc.org/species.jsp?avibaseid=8601A4678CABA542,Rare/Accidental 
626,White-throated Sparrow,Zonotrichia albicollis,http://avibase.bsc-eoc.org/species.jsp?avibaseid=39BD9FF20A9613C4,Rare/Accidental 
627,Savannah Sparrow,Passerculus sandwichensis,http://avibase.bsc-eoc.org/species.jsp?avibaseid=31CE00C71528322F,Rare/Accidental 
628,Song Sparrow,Melospiza melodia,http://avibase.bsc-eoc.org/species.jsp?avibaseid=A5F09E0521019564,Rare/Accidental 
629,Eastern Towhee,Pipilo erythrophthalmus,http://avibase.bsc-eoc.org/species.jsp?avibaseid=6090278A61F63C13,Rare/Accidental 
630,Bobolink,Dolichonyx oryzivorus,http://avibase.bsc-eoc.org/species.jsp?avibaseid=F845062FC976B85B,Rare/Accidental 
631,Baltimore Oriole,Icterus galbula,http://avibase.bsc-eoc.org/species.jsp?avibaseid=5110842FA06DD11C,Rare/Accidental 
632,Brown-headed Cowbird,Molothrus ater,http://avibase.bsc-eoc.org/species.jsp?avibaseid=1E1AB415D083AAD4,Rare/Accidental 
633,Ovenbird,Seiurus aurocapilla,http://avibase.bsc-eoc.org/species.jsp?avibaseid=CEA5B6AA48218C8A,Rare/Accidental 
634,Northern Waterthrush,Parkesia noveboracensis,http://avibase.bsc-eoc.org/species.jsp?avibaseid=709AF716468341F7,Rare/Accidental 
635,Golden-winged Warbler,Vermivora chrysoptera,http://avibase.bsc-eoc.org/species.jsp?avibaseid=83F326C81E3F2955,Rare/Accidental 
636,Black-and-white Warbler,Mniotilta varia,http://avibase.bsc-eoc.org/species.jsp?avibaseid=4D207AF69A79DDCF,Rare/Accidental 
637,Common Yellowthroat,Geothlypis trichas,http://avibase.bsc-eoc.org/species.jsp?avibaseid=BA4C8A02839564AC,Rare/Accidental 
638,Hooded Warbler,Setophaga citrina,http://avibase.bsc-eoc.org/species.jsp?avibaseid=15EB30007E1908FD,Rare/Accidental 
639,American Redstart,Setophaga ruticilla,http://avibase.bsc-eoc.org/species.jsp?avibaseid=BED38F505F0B8509,Rare/Accidental 
640,Cape May Warbler,Setophaga tigrina,http://avibase.bsc-eoc.org/species.jsp?avibaseid=DB20CB6B0A720B90,Rare/Accidental 
641,Northern Parula,Setophaga americana,http://avibase.bsc-eoc.org/species.jsp?avibaseid=41062654293EB4E1,Rare/Accidental 
642,Magnolia Warbler,Setophaga magnolia,http://avibase.bsc-eoc.org/species.jsp?avibaseid=1E82CE1ECC54F928,Rare/Accidental 
643,Bay-breasted Warbler,Setophaga castanea,http://avibase.bsc-eoc.org/species.jsp?avibaseid=10C601D3BCC5A85C,Rare/Accidental 
644,Blackburnian Warbler,Setophaga fusca,http://avibase.bsc-eoc.org/species.jsp?avibaseid=4168AF09C7BCB40B,Rare/Accidental 
645,Yellow Warbler,Setophaga petechia,http://avibase.bsc-eoc.org/species.jsp?avibaseid=A6C0C4A9DCB84453,Rare/Accidental 
646,Chestnut-sided Warbler,Setophaga pensylvanica,http://avibase.bsc-eoc.org/species.jsp?avibaseid=7AB1229BD3F33F46,Rare/Accidental 
647,Blackpoll Warbler,Setophaga striata,http://avibase.bsc-eoc.org/species.jsp?avibaseid=544A5E6BC69CEAAC,Rare/Accidental 
648,Palm Warbler,Setophaga palmarum,http://avibase.bsc-eoc.org/species.jsp?avibaseid=4AAEF54973E5453C,Introduced species  
649,Yellow-rumped Warbler,Setophaga coronata,http://avibase.bsc-eoc.org/species.jsp?avibaseid=BC5A949807108302,Rare/Accidental 
650,Wilson's Warbler,Cardellina pusilla,http://avibase.bsc-eoc.org/species.jsp?avibaseid=1F09CCCCBD97B861,Rare/Accidental 
651,Scarlet Tanager,Piranga olivacea,http://avibase.bsc-eoc.org/species.jsp?avibaseid=4210163221C2E458,Rare/Accidental 
652,Rose-breasted Grosbeak,Pheucticus ludovicianus,http://avibase.bsc-eoc.org/species.jsp?avibaseid=7C2FCB13BAA660EE,Rare/Accidental 
653,Blue Grosbeak,Passerina caerulea,http://avibase.bsc-eoc.org/species.jsp?avibaseid=A7A75EA1A9A57185,Introduced species  
654,Indigo Bunting,Passerina cyanea,http://avibase.bsc-eoc.org/species.jsp?avibaseid=043F337AA25E7D97,Rare/Accidental 
